{"stats":{"minecraft:crafted":{"minecraft:iron_axe":1,"minecraft:crafting_table":1,"minecraft:spruce_planks":8,"minecraft:stick":8,"minecraft:iron_ingot":8,"minecraft:iron_pickaxe":1,"minecraft:stone_pickaxe":1,"minecraft:bread":17,"minecraft:air":0,"minecraft:wheat":45},"minecraft:killed":{"minecraft:pillager":4},"minecraft:dropped":{"minecraft:bread":1,"minecraft:sweet_berries":5,"minecraft:golden_chestplate":1,"minecraft:wooden_axe":1,"toughasnails:wool_helmet":1,"minecraft:chainmail_boots":1,"minecraft:white_carpet":2,"minecraft:iron_leggings":1,"toughasnails:wool_leggings":1,"improvableskills:parchment_fragment":1,"toughasnails:wool_boots":1,"ars_nouveau:amplify_arrow":9,"minecraft:leather_helmet":1,"minecraft:bone":4},"minecraft:picked_up":{"minecraft:wooden_axe":1,"minecraft:crafting_table":1,"minecraft:raw_iron":13,"minecraft:chainmail_boots":1,"toughasnails:wool_leggings":2,"minecraft:leather":1,"minecraft:potion":1,"toughasnails:wool_chestplate":2,"minecraft:spruce_log":6,"toughasnails:wool_boots":1,"minecraft:golden_chestplate":1,"minecraft:iron_leggings":1,"minecraft:item_frame":2,"minecraft:white_carpet":2,"minecraft:hay_block":15,"toughasnails:wool_helmet":1,"minecraft:cobblestone":6,"minecraft:ender_pearl":4},"minecraft:custom":{"minecraft:time_since_rest":2857,"minecraft:interact_with_furnace":3,"minecraft:walk_one_cm":250016,"minecraft:sprint_one_cm":13768,"minecraft:damage_absorbed":40,"minecraft:damage_taken":1929,"minecraft:mob_kills":5,"minecraft:drop":14,"tombstone:raider_killed":4,"minecraft:damage_dealt":761,"minecraft:interact_with_crafting_table":9,"minecraft:fly_one_cm":513764,"minecraft:open_chest":20,"minecraft:crouch_one_cm":659,"minecraft:play_time":103516,"minecraft:deaths":8,"minecraft:sneak_time":571,"minecraft:walk_under_water_one_cm":8976,"minecraft:aviate_one_cm":261835,"minecraft:jump":419,"minecraft:interact_with_brewingstand":1,"minecraft:leave_game":3,"minecraft:time_since_death":0,"minecraft:walk_on_water_one_cm":713,"minecraft:sleep_in_bed":2,"minecraft:total_world_time":103516,"minecraft:climb_one_cm":3001},"minecraft:used":{"minecraft:wooden_axe":9,"toughasnails:wool_chestplate":1,"minecraft:iron_axe":5,"minecraft:stone_pickaxe":16,"minecraft:bread":4,"forbidden_arcanus:aureal_bottle":1,"toughasnails:wool_leggings":1,"minecraft:golden_apple":1,"farmersdelight:onion":5,"minecraft:potion":1,"minecraft:crafting_table":2,"minecraft:crossbow":2,"alexsmobs:animal_dictionary":1,"minecraft:splash_potion":1},"minecraft:mined":{"minecraft:hay_block":16,"minecraft:light_gray_carpet":1,"minecraft:glass_pane":1,"minecraft:iron_ore":14,"minecraft:white_carpet":2,"minecraft:crafting_table":1,"minecraft:cobblestone":1,"minecraft:blue_bed":1}},"DataVersion":3465}