{"stats":{"minecraft:crafted":{"minecraft:iron_axe":1,"minecraft:crafting_table":1,"minecraft:spruce_planks":8,"minecraft:stick":8,"minecraft:iron_ingot":8,"minecraft:iron_pickaxe":1,"minecraft:stone_pickaxe":1,"minecraft:bread":17,"minecraft:air":0,"minecraft:wheat":45},"minecraft:killed":{"minecraft:pillager":4},"minecraft:dropped":{"minecraft:bread":1,"minecraft:sweet_berries":5,"minecraft:golden_chestplate":1,"minecraft:wooden_axe":1,"minecraft:chainmail_boots":1,"minecraft:iron_leggings":1,"improvableskills:parchment_fragment":1,"ars_nouveau:amplify_arrow":9,"minecraft:leather_helmet":1,"minecraft:bone":4},"minecraft:picked_up":{"minecraft:wooden_axe":1,"minecraft:crafting_table":1,"minecraft:raw_iron":13,"minecraft:chainmail_boots":1,"toughasnails:wool_leggings":1,"minecraft:leather":1,"minecraft:potion":1,"toughasnails:wool_chestplate":1,"minecraft:spruce_log":6,"toughasnails:wool_boots":1,"minecraft:golden_chestplate":1,"minecraft:iron_leggings":1,"minecraft:item_frame":2,"minecraft:white_carpet":2,"minecraft:hay_block":15,"toughasnails:wool_helmet":1,"minecraft:cobblestone":6,"minecraft:ender_pearl":4},"minecraft:custom":{"minecraft:time_since_rest":953,"minecraft:interact_with_furnace":3,"minecraft:walk_one_cm":205657,"minecraft:sprint_one_cm":7753,"minecraft:damage_absorbed":40,"minecraft:damage_taken":1449,"minecraft:mob_kills":5,"minecraft:drop":10,"tombstone:raider_killed":4,"minecraft:damage_dealt":761,"minecraft:interact_with_crafting_table":8,"minecraft:fly_one_cm":416029,"minecraft:open_chest":20,"minecraft:crouch_one_cm":463,"minecraft:play_time":90802,"minecraft:deaths":6,"minecraft:sneak_time":555,"minecraft:walk_under_water_one_cm":1482,"minecraft:aviate_one_cm":239576,"minecraft:jump":351,"minecraft:interact_with_brewingstand":1,"minecraft:leave_game":2,"minecraft:time_since_death":3352,"minecraft:walk_on_water_one_cm":171,"minecraft:sleep_in_bed":1,"minecraft:total_world_time":90802,"minecraft:climb_one_cm":3001},"minecraft:used":{"minecraft:wooden_axe":9,"minecraft:iron_axe":5,"minecraft:stone_pickaxe":16,"minecraft:bread":3,"forbidden_arcanus:aureal_bottle":1,"minecraft:golden_apple":1,"farmersdelight:onion":5,"minecraft:potion":1,"minecraft:crafting_table":2,"minecraft:crossbow":2,"alexsmobs:animal_dictionary":1,"minecraft:splash_potion":1},"minecraft:mined":{"minecraft:hay_block":16,"minecraft:light_gray_carpet":1,"minecraft:glass_pane":1,"minecraft:iron_ore":14,"minecraft:white_carpet":2,"minecraft:crafting_table":1,"minecraft:cobblestone":1,"minecraft:blue_bed":1}},"DataVersion":3465}