{"stats":{"minecraft:dropped":{"improvableskills:parchment_fragment":1,"minecraft:sweet_berries":5,"minecraft:bone":4},"minecraft:picked_up":{"minecraft:wooden_axe":1,"minecraft:item_frame":1,"minecraft:iron_leggings":1,"minecraft:chainmail_boots":1,"minecraft:potion":1,"minecraft:spruce_log":6,"minecraft:golden_chestplate":1,"minecraft:white_carpet":2,"minecraft:ender_pearl":4},"minecraft:custom":{"minecraft:time_since_rest":7520,"minecraft:open_chest":14,"minecraft:damage_absorbed":40,"minecraft:crouch_one_cm":53,"minecraft:walk_one_cm":81788,"minecraft:play_time":33611,"minecraft:sprint_one_cm":3201,"minecraft:damage_taken":656,"minecraft:deaths":2,"minecraft:sneak_time":362,"minecraft:walk_under_water_one_cm":701,"minecraft:drop":3,"minecraft:aviate_one_cm":143012,"minecraft:jump":132,"minecraft:interact_with_brewingstand":1,"minecraft:leave_game":1,"minecraft:walk_on_water_one_cm":129,"minecraft:time_since_death":8167,"minecraft:climb_one_cm":2550,"minecraft:total_world_time":33611,"minecraft:fly_one_cm":128873},"minecraft:used":{"minecraft:golden_apple":1,"farmersdelight:onion":4,"minecraft:crossbow":2,"alexsmobs:animal_dictionary":1,"forbidden_arcanus:aureal_bottle":1,"minecraft:splash_potion":1,"minecraft:wooden_axe":1},"minecraft:mined":{"minecraft:glass_pane":1,"minecraft:white_carpet":2,"minecraft:light_gray_carpet":1,"minecraft:blue_bed":1}},"DataVersion":3465}