{"stats":{"minecraft:dropped":{"improvableskills:parchment_fragment":1,"minecraft:bone":4},"minecraft:picked_up":{"minecraft:wooden_axe":1,"minecraft:item_frame":1,"minecraft:iron_leggings":1,"minecraft:chainmail_boots":1,"minecraft:golden_chestplate":1},"minecraft:custom":{"minecraft:time_since_rest":3798,"minecraft:open_chest":12,"minecraft:damage_absorbed":40,"minecraft:crouch_one_cm":22,"minecraft:walk_one_cm":61033,"minecraft:play_time":21611,"minecraft:sprint_one_cm":1326,"minecraft:damage_taken":426,"minecraft:deaths":1,"minecraft:sneak_time":255,"minecraft:drop":2,"minecraft:aviate_one_cm":134127,"minecraft:jump":78,"minecraft:leave_game":1,"minecraft:time_since_death":5612,"minecraft:total_world_time":21611,"minecraft:fly_one_cm":89727},"minecraft:used":{"minecraft:golden_apple":1,"farmersdelight:onion":4,"alexsmobs:animal_dictionary":1,"forbidden_arcanus:aureal_bottle":1}},"DataVersion":3465}