{"stats":{"minecraft:dropped":{"improvableskills:parchment_fragment":1,"minecraft:sweet_berries":5,"minecraft:bone":4},"minecraft:picked_up":{"minecraft:wooden_axe":1,"minecraft:white_carpet":2,"minecraft:iron_leggings":1,"minecraft:chainmail_boots":1,"minecraft:potion":1,"minecraft:spruce_log":6,"minecraft:golden_chestplate":1,"minecraft:item_frame":1,"minecraft:ender_pearl":4},"minecraft:custom":{"minecraft:time_since_rest":28711,"minecraft:open_chest":14,"minecraft:damage_taken":656,"minecraft:crouch_one_cm":53,"minecraft:damage_absorbed":40,"minecraft:play_time":54802,"minecraft:sprint_one_cm":3201,"minecraft:deaths":2,"minecraft:walk_one_cm":83852,"minecraft:sneak_time":366,"minecraft:walk_under_water_one_cm":701,"minecraft:drop":3,"minecraft:aviate_one_cm":143290,"minecraft:jump":139,"minecraft:interact_with_brewingstand":1,"minecraft:leave_game":2,"minecraft:walk_on_water_one_cm":129,"minecraft:time_since_death":29358,"minecraft:climb_one_cm":2550,"minecraft:total_world_time":54802,"minecraft:fly_one_cm":128951},"minecraft:used":{"farmersdelight:onion":5,"minecraft:potion":1,"minecraft:bread":1,"minecraft:crossbow":2,"alexsmobs:animal_dictionary":1,"forbidden_arcanus:aureal_bottle":1,"minecraft:wooden_axe":1,"minecraft:splash_potion":1,"minecraft:golden_apple":1},"minecraft:mined":{"minecraft:light_gray_carpet":1,"minecraft:glass_pane":1,"minecraft:white_carpet":2,"minecraft:blue_bed":1}},"DataVersion":3465}