{"stats":{"minecraft:crafted":{"minecraft:crafting_table":1,"minecraft:spruce_planks":4,"minecraft:stone_pickaxe":1,"minecraft:bread":15,"minecraft:wheat":45},"minecraft:killed":{"minecraft:pillager":3},"minecraft:dropped":{"minecraft:sweet_berries":5,"minecraft:wooden_axe":1,"improvableskills:parchment_fragment":1,"minecraft:bone":4},"minecraft:picked_up":{"minecraft:wooden_axe":1,"minecraft:crafting_table":1,"minecraft:raw_iron":13,"minecraft:chainmail_boots":1,"minecraft:leather":1,"minecraft:potion":1,"minecraft:spruce_log":6,"minecraft:golden_chestplate":1,"minecraft:iron_leggings":1,"minecraft:item_frame":2,"minecraft:white_carpet":2,"minecraft:hay_block":15,"minecraft:cobblestone":6,"minecraft:ender_pearl":4},"minecraft:custom":{"minecraft:time_since_rest":7608,"minecraft:interact_with_furnace":1,"minecraft:walk_one_cm":137168,"minecraft:sprint_one_cm":3201,"minecraft:damage_absorbed":40,"minecraft:damage_taken":800,"minecraft:mob_kills":4,"minecraft:drop":4,"tombstone:raider_killed":3,"minecraft:damage_dealt":469,"minecraft:interact_with_crafting_table":5,"minecraft:fly_one_cm":186634,"minecraft:open_chest":19,"minecraft:crouch_one_cm":101,"minecraft:play_time":66802,"minecraft:deaths":3,"minecraft:sneak_time":443,"minecraft:walk_under_water_one_cm":701,"minecraft:aviate_one_cm":148938,"minecraft:jump":217,"minecraft:interact_with_brewingstand":1,"minecraft:leave_game":2,"minecraft:time_since_death":8590,"minecraft:walk_on_water_one_cm":129,"minecraft:sleep_in_bed":1,"minecraft:total_world_time":66802,"minecraft:climb_one_cm":2550},"minecraft:used":{"minecraft:wooden_axe":9,"minecraft:stone_pickaxe":16,"minecraft:bread":1,"forbidden_arcanus:aureal_bottle":1,"minecraft:golden_apple":1,"farmersdelight:onion":5,"minecraft:potion":1,"minecraft:crafting_table":2,"minecraft:crossbow":2,"alexsmobs:animal_dictionary":1,"minecraft:splash_potion":1},"minecraft:mined":{"minecraft:hay_block":16,"minecraft:light_gray_carpet":1,"minecraft:glass_pane":1,"minecraft:iron_ore":14,"minecraft:white_carpet":2,"minecraft:crafting_table":1,"minecraft:cobblestone":1,"minecraft:blue_bed":1}},"DataVersion":3465}