{"stats":{"minecraft:crafted":{"minecraft:glass_bottle":3,"minecraft:wooden_sword":1,"minecraft:cooked_cod":8,"toughasnails:leaf_boots":1,"minecraft:crafting_table":1,"toughasnails:leaf_chestplate":1,"minecraft:wooden_pickaxe":1,"minecraft:iron_sword":1,"minecraft:furnace":1,"minecraft:bucket":1,"minecraft:stone_axe":2,"toughasnails:leaf_leggings":1,"minecraft:acacia_boat":1,"minecraft:bread":4,"minecraft:air":0,"minecraft:glass":3,"iceandfire:armor_silver_metal_helmet":1,"minecraft:iron_axe":1,"minecraft:stick":8,"minecraft:iron_ingot":13,"minecraft:iron_pickaxe":1,"minecraft:stone_pickaxe":3,"toughasnails:leaf_helmet":1,"minecraft:acacia_planks":60,"minecraft:torch":56,"eidolon:silver_ingot":5,"minecraft:shears":1},"minecraft:broken":{"minecraft:stone_pickaxe":2,"minecraft:wooden_sword":1,"minecraft:stone_axe":1,"minecraft:wooden_pickaxe":1},"minecraft:killed":{"gamma_beasts:careyatros_a":1,"minecraft:cod":2,"minecraft:zombie":5,"iceandfire:ghost":4,"minecraft:drowned":1,"minecraft:tropical_fish":1},"minecraft:dropped":{"toughasnails:leaf_chestplate":1,"minecraft:glass_bottle":2,"toughasnails:leaf_boots":1,"toughasnails:leaf_helmet":1},"minecraft:picked_up":{"minecraft:crafting_table":9,"minecraft:andesite":15,"minecraft:acacia_leaves":43,"minecraft:wooden_pickaxe":1,"iceandfire:ectoplasm":2,"minecraft:dirt":10,"minecraft:sugar_cane":2,"crittersandcompanions:clam":1,"minecraft:furnace":3,"minecraft:stick":25,"minecraft:raw_iron":13,"minecraft:pumpkin":8,"minecraft:torch":21,"minecraft:acacia_log":15,"minecraft:sand":4,"dynamictrees:acacia_seed":8,"minecraft:diorite":17,"minecraft:rotten_flesh":4,"minecraft:granite":20,"gamma_beasts:coal_nugget":10,"alexsmobs:maggot":1,"minecraft:coal":47,"minecraft:cod":2,"iceandfire:raw_silver":5,"minecraft:cobblestone":274},"minecraft:custom":{"minecraft:interact_with_furnace":25,"minecraft:mob_kills":14,"minecraft:interact_with_cartography_table":1,"minecraft:interact_with_crafting_table":24,"minecraft:open_barrel":15,"minecraft:interact_with_loom":1,"minecraft:leave_game":2,"minecraft:time_since_death":70436,"minecraft:sleep_in_bed":1,"minecraft:climb_one_cm":4808,"minecraft:time_since_rest":31054,"minecraft:sprint_one_cm":123155,"minecraft:damage_taken":976,"minecraft:walk_one_cm":151132,"minecraft:drop":5,"minecraft:damage_dealt":5969,"minecraft:swim_one_cm":20290,"minecraft:talked_to_villager":2,"minecraft:fly_one_cm":240756,"minecraft:open_chest":15,"minecraft:crouch_one_cm":623,"minecraft:play_time":92488,"tombstone:undead_killed":10,"minecraft:deaths":2,"minecraft:sneak_time":1232,"minecraft:walk_under_water_one_cm":35995,"minecraft:jump":1094,"minecraft:interact_with_blast_furnace":2,"minecraft:walk_on_water_one_cm":108653,"minecraft:total_world_time":92488,"minecraft:fall_one_cm":24009},"minecraft:used":{"minecraft:acacia_boat":1,"minecraft:water_bucket":1,"minecraft:glass_bottle":25,"minecraft:stone_pickaxe":374,"minecraft:wooden_pickaxe":38,"minecraft:rotten_flesh":4,"minecraft:torch":38,"minecraft:sand":1,"minecraft:crafting_table":9,"minecraft:shears":43,"alexsmobs:maggot":1,"minecraft:iron_axe":58,"minecraft:bread":5,"minecraft:iron_pickaxe":10,"toughasnails:leaf_chestplate":1,"minecraft:stone_axe":114,"minecraft:wooden_sword":59,"minecraft:cobblestone":27,"minecraft:potion":24,"minecraft:cooked_cod":7,"minecraft:furnace":2,"minecraft:andesite":2,"minecraft:bucket":2,"tombstone:gift":2},"minecraft:mined":{"iceandfire:silver_ore":5,"minecraft:crafting_table":9,"minecraft:torch":4,"minecraft:granite":20,"dynamictrees:acacia_leaves":43,"minecraft:grass_block":2,"minecraft:cobblestone":14,"minecraft:sugar_cane":1,"minecraft:diorite":17,"minecraft:wall_torch":15,"minecraft:furnace":3,"minecraft:iron_ore":13,"minecraft:andesite":15,"minecraft:pumpkin":8,"minecraft:grass":5,"minecraft:coal_ore":33,"minecraft:sand":4,"minecraft:dirt":8,"minecraft:spruce_fence_gate":1,"minecraft:stone":260}},"DataVersion":3465}