{"stats":{"minecraft:broken":{"toughasnails:leaf_leggings":1,"minecraft:wooden_pickaxe":1,"minecraft:stone_pickaxe":2,"minecraft:wooden_sword":1,"minecraft:stone_axe":1,"minecraft:iron_pickaxe":1},"minecraft:crafted":{"minecraft:wooden_sword":1,"minecraft:coal":18,"minecraft:furnace":1,"toughasnails:leaf_leggings":2,"minecraft:glass":17,"minecraft:iron_axe":1,"minecraft:stone_pickaxe":3,"minecraft:chest":2,"toughasnails:leaf_helmet":2,"eidolon:silver_ingot":7,"minecraft:cooked_cod":8,"minecraft:glass_bottle":3,"toughasnails:leaf_boots":2,"minecraft:crafting_table":1,"toughasnails:leaf_chestplate":2,"minecraft:wooden_pickaxe":1,"minecraft:iron_sword":1,"minecraft:bowl":20,"minecraft:bucket":1,"minecraft:stone_axe":2,"minecraft:bread":4,"minecraft:acacia_boat":1,"minecraft:air":0,"iceandfire:armor_silver_metal_helmet":1,"minecraft:shield":1,"minecraft:stick":12,"minecraft:iron_ingot":23,"minecraft:iron_pickaxe":1,"minecraft:iron_leggings":1,"minecraft:acacia_planks":60,"minecraft:torch":72,"minecraft:shears":1},"minecraft:killed":{"minecraft:cod":2,"minecraft:drowned":1,"minecraft:tropical_fish":1,"gamma_beasts:careyatros_a":1,"minecraft:zombie":5,"iceandfire:ghost":4},"minecraft:dropped":{"crittersandcompanions:clam":1,"minecraft:mossy_cobblestone":1,"minecraft:glass_bottle":2,"gamma_beasts:coal_nugget":11,"minecraft:cobblestone":3,"minecraft:stick":1,"minecraft:dirt":1,"toughasnails:leaf_boots":1,"toughasnails:leaf_helmet":1,"dynamictrees:acacia_seed":7,"toughasnails:leaf_chestplate":1,"minecraft:shears":1},"minecraft:picked_up":{"minecraft:crafting_table":10,"minecraft:brown_mushroom":17,"minecraft:wooden_pickaxe":1,"minecraft:cobbled_deepslate":32,"minecraft:sugar_cane":2,"minecraft:coal_block":2,"crittersandcompanions:clam":2,"minecraft:furnace":5,"minecraft:stick":25,"minecraft:raw_iron":23,"minecraft:torch":37,"minecraft:acacia_log":15,"minecraft:diorite":17,"minecraft:redstone":36,"minecraft:rotten_flesh":4,"minecraft:shears":1,"gamma_beasts:coal_nugget":21,"minecraft:cod":2,"minecraft:cobblestone":319,"eidolon:raw_silver":2,"minecraft:andesite":91,"minecraft:acacia_leaves":67,"gamma_beasts:prehnite":15,"minecraft:tuff":1,"iceandfire:ectoplasm":2,"minecraft:gunpowder":2,"minecraft:dirt":13,"minecraft:raw_gold":8,"minecraft:pumpkin":8,"minecraft:sand":19,"dynamictrees:acacia_seed":8,"minecraft:mossy_cobblestone":2,"forbidden_arcanus:arcane_crystal":3,"eidolon:raw_lead":5,"minecraft:diamond":4,"minecraft:granite":48,"alexsmobs:maggot":1,"minecraft:coal":62,"iceandfire:raw_silver":8},"minecraft:custom":{"minecraft:mob_kills":14,"minecraft:interact_with_crafting_table":35,"minecraft:open_barrel":17,"minecraft:leave_game":3,"minecraft:time_since_death":148131,"minecraft:climb_one_cm":6132,"minecraft:sprint_one_cm":278278,"minecraft:walk_one_cm":251888,"minecraft:damage_blocked_by_shield":130,"minecraft:drop":13,"minecraft:talked_to_villager":3,"minecraft:play_time":170183,"minecraft:deaths":2,"minecraft:sneak_time":2638,"minecraft:walk_under_water_one_cm":36318,"minecraft:jump":1925,"minecraft:interact_with_blast_furnace":2,"minecraft:walk_on_water_one_cm":129609,"minecraft:total_world_time":170183,"minecraft:interact_with_furnace":39,"minecraft:interact_with_cartography_table":1,"minecraft:interact_with_loom":5,"minecraft:sleep_in_bed":2,"minecraft:time_since_rest":56088,"minecraft:damage_taken":1677,"minecraft:damage_absorbed":42,"minecraft:damage_dealt":6509,"minecraft:swim_one_cm":23860,"minecraft:fly_one_cm":349886,"minecraft:open_chest":23,"minecraft:crouch_one_cm":4240,"tombstone:undead_killed":10,"minecraft:fall_one_cm":39337},"minecraft:used":{"minecraft:chest":2,"minecraft:shield":3,"minecraft:iron_sword":8,"minecraft:rotten_flesh":10,"minecraft:torch":97,"minecraft:dirt":11,"minecraft:granite":14,"alexsmobs:maggot":1,"minecraft:iron_axe":113,"minecraft:furnace":6,"minecraft:cooked_cod":10,"tombstone:gift":2,"minecraft:cobbled_deepslate":11,"minecraft:iron_leggings":1,"minecraft:acacia_boat":1,"minecraft:water_bucket":19,"minecraft:glass_bottle":64,"minecraft:stone_pickaxe":374,"minecraft:wooden_pickaxe":38,"minecraft:golden_apple":1,"minecraft:mossy_cobblestone":1,"minecraft:sand":1,"minecraft:crafting_table":11,"minecraft:mushroom_stew":9,"minecraft:shears":69,"minecraft:bread":5,"minecraft:iron_pickaxe":348,"dynamictrees:acacia_seed":1,"toughasnails:leaf_chestplate":1,"minecraft:stone_axe":114,"minecraft:wooden_sword":59,"minecraft:cobblestone":37,"minecraft:potion":63,"minecraft:bucket":19,"minecraft:andesite":87},"minecraft:mined":{"minecraft:tuff":1,"eidolon:deep_silver_ore":3,"iceandfire:silver_ore":8,"minecraft:mossy_cobblestone":1,"minecraft:deepslate_diamond_ore":4,"minecraft:cobbled_deepslate_stairs":1,"minecraft:granite":48,"minecraft:grass_block":2,"minecraft:brown_mushroom_block":45,"minecraft:coal_block":2,"minecraft:oak_trapdoor":1,"forbidden_arcanus:deepslate_arcane_crystal_ore":3,"minecraft:furnace":5,"minecraft:iron_ore":23,"minecraft:cobbled_deepslate":11,"minecraft:andesite":92,"minecraft:pumpkin":8,"minecraft:stone":347,"minecraft:deepslate_redstone_ore":8,"minecraft:oak_slab":1,"minecraft:oak_fence":1,"minecraft:crafting_table":10,"minecraft:torch":7,"dynamictrees:acacia_leaves":69,"minecraft:mushroom_stem":6,"minecraft:cobblestone":23,"minecraft:deepslate_gold_ore":8,"minecraft:sugar_cane":1,"minecraft:diorite":17,"minecraft:wall_torch":25,"gamma_beasts:deepslate_prehnite_ore":15,"eidolon:deep_lead_ore":4,"minecraft:grass":5,"minecraft:coal_ore":39,"minecraft:mycelium":2,"minecraft:gravel":5,"minecraft:sand":19,"minecraft:dirt":13,"minecraft:spruce_fence_gate":1,"minecraft:deepslate":52}},"DataVersion":3465}