{"stats":{"minecraft:crafted":{"minecraft:wooden_sword":1,"minecraft:glass_bottle":3,"minecraft:glass":3,"minecraft:crafting_table":1,"minecraft:wooden_pickaxe":1,"minecraft:stone_pickaxe":1,"minecraft:furnace":1,"minecraft:acacia_planks":24,"minecraft:stone_axe":2,"minecraft:air":0},"minecraft:killed":{"minecraft:zombie":5,"iceandfire:ghost":4,"minecraft:drowned":1,"minecraft:cod":2,"minecraft:tropical_fish":1},"minecraft:picked_up":{"minecraft:stick":25,"minecraft:crafting_table":3,"minecraft:pumpkin":8,"minecraft:wooden_pickaxe":1,"minecraft:acacia_log":15,"minecraft:sand":4,"dynamictrees:acacia_seed":8,"iceandfire:ectoplasm":2,"minecraft:rotten_flesh":4,"gamma_beasts:coal_nugget":4,"alexsmobs:maggot":1,"minecraft:sugar_cane":2,"minecraft:cod":2,"minecraft:coal":14,"crittersandcompanions:clam":1,"iceandfire:raw_silver":3,"minecraft:cobblestone":33,"minecraft:furnace":1},"minecraft:custom":{"minecraft:time_since_rest":3937,"minecraft:interact_with_furnace":5,"minecraft:sprint_one_cm":55474,"minecraft:damage_taken":562,"minecraft:walk_one_cm":42926,"minecraft:mob_kills":13,"minecraft:damage_dealt":3422,"minecraft:swim_one_cm":7836,"minecraft:interact_with_crafting_table":8,"minecraft:fly_one_cm":127729,"minecraft:crouch_one_cm":180,"minecraft:play_time":26458,"minecraft:deaths":2,"tombstone:undead_killed":10,"minecraft:sneak_time":276,"minecraft:walk_under_water_one_cm":24025,"minecraft:jump":476,"minecraft:walk_on_water_one_cm":26414,"minecraft:time_since_death":4406,"minecraft:total_world_time":26458,"minecraft:fall_one_cm":6098},"minecraft:used":{"alexsmobs:maggot":1,"minecraft:glass_bottle":6,"minecraft:stone_pickaxe":56,"minecraft:wooden_pickaxe":24,"minecraft:rotten_flesh":4,"minecraft:stone_axe":47,"minecraft:wooden_sword":2,"minecraft:sand":1,"minecraft:cobblestone":1,"minecraft:potion":3,"minecraft:crafting_table":3,"minecraft:furnace":1,"tombstone:gift":2},"minecraft:mined":{"minecraft:furnace":1,"iceandfire:silver_ore":3,"minecraft:pumpkin":8,"minecraft:crafting_table":3,"minecraft:grass":5,"minecraft:coal_ore":14,"minecraft:sand":4,"minecraft:stone":33,"minecraft:sugar_cane":1}},"DataVersion":3465}