{"stats":{"minecraft:crafted":{"minecraft:glass_bottle":3,"toughasnails:wool_helmet":2,"minecraft:crafting_table":3,"minecraft:spruce_planks":72,"toughasnails:wool_leggings":2,"minecraft:bread":90,"minecraft:air":0,"toughasnails:wool_boots":2,"minecraft:glass":3,"minecraft:shield":1,"minecraft:iron_axe":1,"minecraft:iron_ingot":11,"minecraft:chest":2,"minecraft:wooden_axe":1,"toughasnails:wool_chestplate":2,"minecraft:shears":1,"minecraft:wheat":257},"minecraft:killed":{"minecraft:sheep":1,"minecraft:pillager":6,"minecraft:stray":1},"minecraft:dropped":{"forbidden_arcanus:artisan_relic":1,"butchersdelight:dead_cow":1,"minecraft:golden_chestplate":1,"minecraft:glass_bottle":2,"gamma_beasts:coal_nugget":3,"toughasnails:wool_helmet":1,"minecraft:lantern":2,"improvableskills:parchment_fragment":2,"delightful:green_tea_leaf":4,"toughasnails:wool_boots":1,"dynamictrees:spruce_seed":4,"minecraft:wooden_axe":1,"minecraft:oak_sapling":6,"minecraft:chainmail_boots":1,"minecraft:potion":2,"minecraft:iron_leggings":1,"toughasnails:wool_leggings":1,"minecraft:iron_bars":2,"minecraft:raw_gold":9,"minecraft:paper":1,"toughasnails:wool_chestplate":1},"minecraft:picked_up":{"minecraft:wheat":12,"minecraft:crafting_table":1,"illagerinvasion:platinum_chunk":3,"minecraft:leather":2,"dynamictrees:spruce_seed":4,"minecraft:potion":1,"forbidden_arcanus:artisan_relic":1,"minecraft:dirt":3,"minecraft:string":4,"minecraft:blue_bed":1,"minecraft:paper":1,"minecraft:lantern":2,"minecraft:cooked_mutton":1,"minecraft:item_frame":8,"minecraft:white_carpet":1,"minecraft:bone":2,"minecraft:experience_bottle":1,"butchersdelight:dead_cow":2,"minecraft:raw_gold":18,"minecraft:iron_ingot":5,"minecraft:poppy":1,"minecraft:glass_bottle":1,"delightful:green_tea_leaf":5,"minecraft:tipped_arrow":1,"minecraft:stick":13,"minecraft:raw_iron":11,"irons_spellbooks:frozen_bone":6,"improvableskills:parchment_fragment":2,"minecraft:red_wool":22,"minecraft:sand":3,"minecraft:spruce_log":18,"minecraft:orange_wool":2,"minecraft:arrow":1,"minecraft:hay_block":31,"gamma_beasts:coal_nugget":3,"minecraft:emerald":6,"minecraft:bread":2,"minecraft:oak_sapling":3,"minecraft:light_gray_carpet":1,"minecraft:black_wool":43,"minecraft:coal":20,"minecraft:iron_bars":2,"minecraft:cobblestone":30},"minecraft:custom":{"minecraft:interact_with_smithing_table":1,"minecraft:interact_with_furnace":18,"minecraft:mob_kills":8,"tombstone:raider_killed":6,"minecraft:interact_with_crafting_table":14,"minecraft:leave_game":1,"minecraft:time_since_death":6123,"minecraft:sleep_in_bed":1,"minecraft:climb_one_cm":2774,"minecraft:time_since_rest":5247,"minecraft:sprint_one_cm":286571,"minecraft:damage_taken":2684,"minecraft:walk_one_cm":169265,"minecraft:damage_blocked_by_shield":678,"minecraft:drop":29,"minecraft:damage_dealt":2528,"minecraft:talked_to_villager":1,"minecraft:fly_one_cm":356006,"minecraft:open_chest":17,"minecraft:crouch_one_cm":925,"minecraft:play_time":82327,"tombstone:undead_killed":1,"minecraft:deaths":7,"minecraft:sneak_time":309,"minecraft:jump":1284,"minecraft:interact_with_brewingstand":1,"minecraft:walk_on_water_one_cm":237,"minecraft:total_world_time":82327,"minecraft:use_cauldron":1,"minecraft:fall_one_cm":28153},"minecraft:used":{"minecraft:cooked_mutton":1,"minecraft:glass_bottle":36,"minecraft:poppy":1,"minecraft:light_gray_carpet":1,"minecraft:chest":2,"minecraft:shield":8,"minecraft:iron_sword":44,"minecraft:dirt":1,"iceandfire:pixie_dust":1,"minecraft:crafting_table":4,"minecraft:golden_chestplate":1,"minecraft:shears":67,"minecraft:wooden_axe":2,"minecraft:bread":21,"minecraft:iron_pickaxe":79,"minecraft:golden_helmet":1,"minecraft:item_frame":6,"minecraft:cobblestone":10,"minecraft:potion":35,"minecraft:chainmail_boots":1,"minecraft:experience_bottle":1},"minecraft:mined":{"minecraft:red_wool":22,"minecraft:orange_wool":2,"minecraft:crafting_table":1,"minecraft:grass_block":2,"minecraft:white_stained_glass":2,"minecraft:cobblestone":6,"minecraft:hay_block":30,"minecraft:iron_ore":11,"minecraft:ice":7,"minecraft:white_carpet":1,"minecraft:black_wool":43,"minecraft:coal_ore":20,"minecraft:iron_bars":2,"minecraft:sand":3,"minecraft:dirt":1,"minecraft:stone":30,"minecraft:gold_ore":9}},"DataVersion":3465}