{"stats":{"minecraft:broken":{"toughasnails:wool_leggings":1,"toughasnails:wool_boots":1,"toughasnails:wool_helmet":1,"toughasnails:wool_chestplate":1},"minecraft:crafted":{"minecraft:glass_bottle":3,"toughasnails:wool_helmet":2,"minecraft:crafting_table":3,"minecraft:spruce_planks":72,"travelersbackpack:standard":1,"travelersbackpack:backpack_tank":2,"travelersbackpack:black_sleeping_bag":1,"toughasnails:wool_leggings":3,"minecraft:bread":90,"minecraft:air":0,"toughasnails:wool_boots":2,"minecraft:glass":15,"minecraft:white_wool":1,"minecraft:shield":1,"minecraft:iron_axe":1,"minecraft:iron_ingot":11,"minecraft:chest":3,"minecraft:wooden_axe":1,"toughasnails:wool_chestplate":3,"minecraft:shears":1,"minecraft:wheat":257},"minecraft:killed":{"minecraft:sheep":1,"minecraft:pillager":7,"minecraft:stray":1},"minecraft:dropped":{"forbidden_arcanus:artisan_relic":1,"butchersdelight:dead_cow":1,"minecraft:golden_chestplate":1,"minecraft:glass_bottle":2,"gamma_beasts:coal_nugget":3,"toughasnails:wool_helmet":1,"minecraft:lantern":2,"improvableskills:parchment_fragment":2,"delightful:green_tea_leaf":4,"toughasnails:wool_boots":1,"dynamictrees:spruce_seed":4,"minecraft:tipped_arrow":1,"minecraft:wooden_axe":1,"tombstone:grave_dust":1,"minecraft:oak_sapling":6,"minecraft:chainmail_boots":1,"minecraft:potion":2,"minecraft:iron_leggings":1,"toughasnails:wool_leggings":2,"minecraft:iron_bars":2,"minecraft:arrow":1,"minecraft:raw_gold":9,"minecraft:paper":1,"toughasnails:wool_chestplate":2},"minecraft:picked_up":{"minecraft:wheat":12,"minecraft:crafting_table":1,"illagerinvasion:platinum_chunk":3,"minecraft:leather":4,"dynamictrees:spruce_seed":4,"minecraft:potion":1,"forbidden_arcanus:artisan_relic":1,"minecraft:dirt":3,"minecraft:string":4,"minecraft:blue_bed":7,"minecraft:paper":1,"minecraft:lantern":2,"minecraft:cooked_mutton":1,"minecraft:item_frame":10,"minecraft:white_carpet":1,"minecraft:bone":2,"minecraft:experience_bottle":1,"butchersdelight:dead_cow":2,"minecraft:raw_gold":18,"minecraft:iron_ingot":5,"minecraft:poppy":1,"minecraft:glass_bottle":1,"delightful:green_tea_leaf":5,"minecraft:chest":2,"minecraft:tipped_arrow":2,"minecraft:stick":13,"minecraft:raw_iron":11,"irons_spellbooks:frozen_bone":6,"improvableskills:parchment_fragment":2,"minecraft:red_wool":22,"minecraft:sand":15,"minecraft:spruce_log":18,"minecraft:orange_wool":2,"travelersbackpack:standard":3,"minecraft:arrow":2,"minecraft:hay_block":31,"gamma_beasts:coal_nugget":3,"minecraft:emerald":7,"minecraft:bread":2,"ars_nouveau:sourceberry_bush":2,"minecraft:oak_sapling":3,"minecraft:light_gray_carpet":1,"minecraft:black_wool":43,"minecraft:coal":20,"minecraft:iron_bars":2,"minecraft:cobblestone":30},"minecraft:custom":{"minecraft:interact_with_smithing_table":1,"minecraft:interact_with_furnace":21,"minecraft:mob_kills":9,"tombstone:raider_killed":7,"minecraft:interact_with_crafting_table":25,"minecraft:leave_game":1,"minecraft:time_since_death":2796,"minecraft:sleep_in_bed":7,"minecraft:climb_one_cm":2774,"minecraft:time_since_rest":2699,"minecraft:sprint_one_cm":446721,"minecraft:damage_taken":4773,"minecraft:walk_one_cm":227700,"minecraft:damage_blocked_by_shield":1023,"minecraft:drop":34,"minecraft:damage_dealt":2872,"minecraft:swim_one_cm":5839,"minecraft:talked_to_villager":2,"minecraft:fly_one_cm":677427,"minecraft:open_chest":27,"minecraft:crouch_one_cm":1034,"minecraft:play_time":118327,"tombstone:undead_killed":1,"minecraft:deaths":14,"minecraft:sneak_time":465,"minecraft:walk_under_water_one_cm":9104,"minecraft:jump":2346,"minecraft:interact_with_brewingstand":1,"minecraft:walk_on_water_one_cm":9163,"minecraft:total_world_time":118327,"minecraft:use_cauldron":1,"minecraft:fall_one_cm":50298},"minecraft:used":{"minecraft:cooked_mutton":1,"minecraft:glass_bottle":48,"minecraft:poppy":1,"minecraft:light_gray_carpet":1,"minecraft:chest":2,"minecraft:shield":15,"minecraft:iron_sword":49,"minecraft:blue_bed":5,"minecraft:dirt":1,"iceandfire:pixie_dust":1,"minecraft:crafting_table":4,"minecraft:golden_chestplate":1,"minecraft:shears":67,"minecraft:wooden_axe":2,"minecraft:iron_axe":2,"minecraft:bread":31,"minecraft:iron_pickaxe":79,"minecraft:iron_boots":1,"minecraft:golden_helmet":1,"minecraft:item_frame":8,"minecraft:cobblestone":13,"minecraft:potion":47,"travelersbackpack:standard":2,"minecraft:chainmail_boots":1,"ars_nouveau:sourceberry_bush":2,"tombstone:gift":2,"minecraft:air":1,"minecraft:experience_bottle":1},"minecraft:mined":{"minecraft:red_wool":22,"minecraft:orange_wool":2,"travelersbackpack:standard":3,"minecraft:crafting_table":1,"minecraft:chest":2,"minecraft:grass_block":2,"minecraft:white_stained_glass":2,"minecraft:cobblestone":6,"ars_nouveau:sourceberry_bush":3,"minecraft:blue_bed":6,"minecraft:hay_block":30,"minecraft:iron_ore":11,"minecraft:ice":9,"minecraft:white_carpet":1,"minecraft:black_wool":43,"minecraft:coal_ore":20,"minecraft:iron_bars":2,"minecraft:sand":15,"minecraft:dirt":1,"minecraft:stone":30,"minecraft:gold_ore":9}},"DataVersion":3465}