{"stats":{"minecraft:broken":{"toughasnails:leaf_boots":1,"minecraft:stone_pickaxe":2,"minecraft:wooden_sword":1,"minecraft:stone_axe":1,"minecraft:iron_sword":1,"eidolon:silver_sword":1,"toughasnails:leaf_leggings":1,"toughasnails:water_canteen":3,"minecraft:wooden_pickaxe":1,"minecraft:shield":1,"minecraft:iron_axe":1,"minecraft:iron_pickaxe":1,"toughasnails:purified_water_canteen":4,"toughasnails:leaf_helmet":2},"minecraft:killed_by":{"irons_spellbooks:summoned_zombie":1,"minecraft:drowned":1},"minecraft:custom":{"minecraft:animals_bred":11,"minecraft:interact_with_crafting_table":80,"minecraft:open_barrel":43,"minecraft:eat_cake_slice":2,"minecraft:leave_game":13,"minecraft:time_since_death":104429,"minecraft:sprint_one_cm":1361961,"minecraft:damage_blocked_by_shield":2790,"minecraft:drop":105,"minecraft:talked_to_villager":3,"minecraft:play_time":498026,"minecraft:deaths":9,"minecraft:jump":6655,"minecraft:interact_with_brewingstand":1,"minecraft:walk_on_water_one_cm":164671,"minecraft:interact_with_furnace":65,"minecraft:interact_with_cartography_table":2,"minecraft:interact_with_loom":5,"minecraft:sleep_in_bed":21,"minecraft:waystone_activated":4,"minecraft:damage_dealt":26285,"minecraft:crouch_one_cm":15631,"tombstone:undead_killed":36,"minecraft:interact_with_smoker":1,"minecraft:interact_with_smithing_table":1,"minecraft:interact_with_anvil":1,"minecraft:mob_kills":47,"minecraft:climb_one_cm":9318,"minecraft:walk_one_cm":720727,"minecraft:sneak_time":9487,"minecraft:walk_under_water_one_cm":53489,"minecraft:interact_with_blast_furnace":2,"minecraft:total_world_time":498026,"minecraft:tune_noteblock":9,"minecraft:time_since_rest":17594,"minecraft:damage_taken":7364,"minecraft:damage_absorbed":42,"tombstone:cast_on_ally":0,"minecraft:swim_one_cm":54161,"minecraft:fly_one_cm":1155592,"minecraft:open_chest":164,"minecraft:fall_one_cm":155710},"minecraft:picked_up":{"gamma_beasts:thin_oak_log":11,"minecraft:wheat":1,"butchersdelightfoods:legcow":1,"minecraft:flower_pot":1,"gamma_beasts:fur":5,"minecraft:oak_stairs":2,"minecraft:brown_bed":1,"minecraft:enchanted_book":1,"minecraft:smooth_stone_slab":4,"minecraft:oak_sign":2,"minecraft:cobbled_deepslate":107,"dynamictrees:oak_seed":3,"delightful:green_tea_leaf":3,"minecraft:coal_block":2,"minecraft:furnace":7,"minecraft:stick":31,"minecraft:oak_fence":6,"minecraft:torch":59,"minecraft:acacia_log":16,"minecraft:pointed_dripstone":1,"minecraft:diorite":17,"tombstone:grave_dust":5,"minecraft:brown_carpet":1,"eidolon:silver_sword":1,"minecraft:rotten_flesh":21,"farmersdelight:onion":6,"iceandfire:fire_dragon_heart":1,"gamma_beasts:coal_nugget":33,"minecraft:cod":2,"minecraft:cobblestone":393,"butchersdelightfoods:beeftenderloin":1,"eidolon:raw_silver":16,"minecraft:water_bucket":1,"minecraft:andesite":91,"minecraft:acacia_leaves":67,"gamma_beasts:prehnite":32,"minecraft:tuff":6,"gamma_beasts:oak_leaf":27,"iceandfire:dragonscales_bronze":10,"minecraft:dirt":116,"minecraft:lantern":3,"minecraft:glass":14,"minecraft:bone":7,"minecraft:wheat_seeds":28,"knightsnmages:scarlet_gem":8,"minecraft:raw_gold":22,"minecraft:bamboo":1,"epicsamurai:raw_silver":3,"minecraft:oak_planks":1,"butchersdelight:skullcow":1,"butchersdelight:cow_hide":1,"iceandfire:dragon_skull_fire":1,"minecraft:sand":53,"dynamictrees:acacia_seed":8,"butchersdelightfoods:beefribs":1,"minecraft:mossy_cobblestone":2,"sons_of_sins:flesh_of_demise":2,"minecraft:spruce_fence_gate":3,"eidolon:raw_lead":29,"minecraft:diamond":11,"waystones:waystone":2,"minecraft:granite":56,"minecraft:emerald":1,"alexsmobs:maggot":1,"epicsamurai:ruby":7,"minecraft:oak_leaves":33,"iceandfire:raw_silver":16,"minecraft:crafting_table":10,"minecraft:allium":6,"minecraft:brown_mushroom":17,"minecraft:wooden_pickaxe":1,"gamma_beasts:cooked_meat":2,"minecraft:stone_brick_wall":17,"epicsamurai:jade":10,"minecraft:item_frame":1,"butchersdelight:dead_cow":1,"knightsnmages:citrin_gem":15,"minecraft:beef":1,"minecraft:sugar_cane":2,"crittersandcompanions:clam":4,"minecraft:raw_iron":39,"iceandfire:dragonbone":7,"forbidden_arcanus:bat_wing":1,"minecraft:bowl":4,"minecraft:spruce_fence":31,"minecraft:redstone":63,"minecraft:arrow":3,"minecraft:decorated_pot":2,"minecraft:shears":1,"minecraft:hay_block":181,"minecraft:white_wool":26,"minecraft:stripped_oak_log":5,"minecraft:leather":3,"minecraft:mushroom_stew":10,"minecraft:oak_log":55,"gamma_beasts:green_apple":21,"iceandfire:ectoplasm":2,"minecraft:gunpowder":2,"butchersdelight:rack":1,"gamma_beasts:meat":2,"epicsamurai:aquamarine":5,"iceandfire:fire_dragon_flesh":8,"minecraft:iron_sword":3,"toughasnails:leaf_chestplate":1,"minecraft:scaffolding":1,"minecraft:pumpkin":8,"iceandfire:ash":2,"minecraft:dripstone_block":3,"minecraft:gravel":2,"minecraft:white_bed":1,"forbidden_arcanus:arcane_crystal":12,"knightsnmages:moonlight_gem":2,"tombstone:magic_scroll":1,"minecraft:coal":124},"minecraft:crafted":{"minecraft:oak_planks":262,"toughasnails:leaf_leggings":4,"butchersdelight:rack":1,"minecraft:glass":41,"minecraft:chest":6,"toughasnails:leaf_helmet":3,"minecraft:oak_button":1,"eidolon:silver_ingot":26,"minecraft:oak_fence":27,"iceandfire:silver_axe":1,"minecraft:glass_bottle":3,"toughasnails:leaf_boots":3,"minecraft:crafting_table":4,"minecraft:wooden_pickaxe":1,"travelersbackpack:standard":1,"eidolon:silver_shovel":1,"butchersdelight:cleaver":1,"eidolon:lead_ingot":24,"minecraft:diamond_pickaxe":1,"toughasnails:water_purifier":1,"minecraft:shield":2,"minecraft:stick":48,"minecraft:iron_ingot":31,"minecraft:iron_pickaxe":1,"minecraft:gold_ingot":22,"iceandfire:armor_bronze_helmet":1,"minecraft:shears":2,"toughasnails:empty_canteen":1,"minecraft:wooden_sword":1,"minecraft:coal":18,"minecraft:iron_nugget":45,"minecraft:furnace":2,"travelersbackpack:white_sleeping_bag":1,"minecraft:leather":7,"minecraft:iron_axe":1,"butchersdelight:roaster":1,"minecraft:stone_pickaxe":3,"minecraft:wheat":588,"minecraft:cooked_cod":8,"butchersdelight:hook":7,"toughasnails:leaf_chestplate":3,"iceandfire:armor_bronze_boots":1,"travelersbackpack:backpack_tank":2,"minecraft:iron_sword":1,"minecraft:bowl":44,"minecraft:bucket":1,"minecraft:stone_axe":2,"minecraft:bread":101,"minecraft:acacia_boat":1,"minecraft:air":0,"minecraft:oak_boat":3,"iceandfire:armor_silver_metal_helmet":1,"minecraft:iron_leggings":1,"minecraft:acacia_planks":64,"minecraft:torch":88,"eidolon:silver_sword":2},"minecraft:killed":{"minecraft:cod":2,"minecraft:skeleton":6,"irons_spellbooks:summoned_skeleton":1,"minecraft:tropical_fish":1,"gamma_beasts:careyatros_a":2,"irons_spellbooks:necromancer":1,"minecraft:zombie":15,"eidolon:zombie_brute":1,"irons_spellbooks:summoned_zombie":1,"eidolon:wraith":2,"minecraft:drowned":5,"minecraft:bat":1,"gamma_beasts:careyatros_c":1,"sons_of_sins:betrayed_guzzler":2,"iceandfire:ghost":4},"minecraft:mined":{"gamma_beasts:roble_hoja_1":19,"minecraft:white_bed":1,"minecraft:cobbled_deepslate_stairs":1,"minecraft:granite":53,"minecraft:grass_block":61,"minecraft:stone_brick_wall":20,"minecraft:coal_block":2,"knightsnmages:deepslate_citrin_ore":15,"epicsamurai:deepslate_jade_ore":10,"minecraft:iron_ore":32,"minecraft:cobbled_deepslate":12,"minecraft:fire":15,"minecraft:pumpkin":8,"minecraft:brown_bed":1,"minecraft:oak_stairs":2,"epicsamurai:deepslate_silver_ore":3,"knightsnmages:deepslate_moonlight_ore":2,"minecraft:deepslate_redstone_ore":14,"minecraft:torch":16,"knightsnmages:deepslate_scarlet_ore":8,"minecraft:mushroom_stem":6,"minecraft:cobblestone":26,"minecraft:sugar_cane":1,"minecraft:oak_planks":1,"minecraft:wall_torch":34,"minecraft:pink_petals":1,"eidolon:deep_lead_ore":27,"minecraft:smooth_stone_slab":3,"minecraft:grass":70,"minecraft:oak_log":45,"minecraft:sand":52,"minecraft:dirt":38,"minecraft:smooth_basalt":5,"minecraft:oak_leaves":1,"minecraft:deepslate":97,"minecraft:tuff":12,"eidolon:deep_silver_ore":16,"iceandfire:silver_ore":16,"minecraft:mossy_cobblestone":1,"minecraft:deepslate_diamond_ore":11,"butchersdelight:rack":1,"gamma_beasts:roblo_hoja":6,"epicsamurai:deepslate_ruby_ore":7,"minecraft:spruce_fence":21,"minecraft:decorated_pot":5,"minecraft:brown_mushroom_block":45,"minecraft:potted_bamboo":1,"minecraft:hay_block":156,"dynamictrees:oak_leaves":34,"minecraft:oak_trapdoor":1,"forbidden_arcanus:deepslate_arcane_crystal_ore":12,"minecraft:furnace":7,"gamma_beasts:prehnite_ore":5,"minecraft:andesite":100,"minecraft:deepslate_iron_ore":8,"minecraft:lantern":1,"minecraft:stripped_oak_log":5,"minecraft:stone":371,"minecraft:oak_slab":1,"minecraft:scaffolding":1,"minecraft:dandelion":1,"epicsamurai:deepslate_aquamarine_ore":5,"minecraft:oak_fence":7,"minecraft:crafting_table":10,"dynamictrees:acacia_leaves":69,"minecraft:tall_grass":10,"minecraft:deepslate_gold_ore":22,"minecraft:diorite":18,"gamma_beasts:deepslate_prehnite_ore":28,"gamma_beasts:thin_oak_log":11,"minecraft:mycelium":2,"minecraft:coal_ore":70,"minecraft:gravel":5,"minecraft:spruce_fence_gate":4},"minecraft:used":{"minecraft:oak_sign":2,"minecraft:decorated_pot":2,"minecraft:chest":5,"minecraft:shield":70,"butchersdelight:hook":7,"minecraft:iron_sword":251,"minecraft:rotten_flesh":10,"minecraft:allium":6,"minecraft:tuff":2,"minecraft:lantern":3,"minecraft:furnace":7,"minecraft:cooked_cod":10,"forbidden_arcanus:edelwood_bucket":1,"eidolon:silver_shovel":112,"minecraft:stone_pickaxe":374,"minecraft:oak_planks":10,"minecraft:wooden_pickaxe":38,"toughasnails:water_canteen":32,"butchersdelight:skullcow":1,"minecraft:golden_apple":1,"minecraft:sand":2,"minecraft:mushroom_stew":70,"iceandfire:silver_axe":94,"minecraft:shears":103,"waystones:waystone":2,"minecraft:bread":20,"dynamictrees:acacia_seed":1,"minecraft:gravel":2,"minecraft:fire_charge":1,"minecraft:wooden_sword":59,"iceandfire:dragon_skull_fire":1,"forbidden_arcanus:splash_aureal_bottle":2,"minecraft:andesite":91,"minecraft:smooth_stone_slab":4,"minecraft:oak_boat":3,"minecraft:air":3,"minecraft:experience_bottle":15,"minecraft:oak_fence":24,"minecraft:trident":53,"toughasnails:water_purifier":1,"dynamictrees:oak_seed":3,"minecraft:torch":133,"minecraft:dirt":103,"toughasnails:empty_canteen":8,"minecraft:spruce_fence":9,"minecraft:granite":34,"eidolon:silver_sword":367,"alexsmobs:maggot":1,"minecraft:iron_axe":154,"tombstone:gift":6,"minecraft:cobbled_deepslate":95,"minecraft:iron_leggings":1,"minecraft:brown_bed":1,"minecraft:acacia_boat":1,"minecraft:water_bucket":108,"minecraft:glass_bottle":147,"forbidden_arcanus:edelwood_water_bucket":1,"minecraft:mossy_cobblestone":1,"minecraft:crafting_table":14,"minecraft:white_bed":1,"minecraft:oak_button":1,"minecraft:iron_pickaxe":680,"forbidden_arcanus:aureal_bottle":1,"iceandfire:ash":1,"toughasnails:leaf_chestplate":1,"minecraft:stone_axe":114,"minecraft:cobblestone":50,"minecraft:potion":147,"travelersbackpack:standard":3,"toughasnails:purified_water_bottle":1,"toughasnails:purified_water_canteen":31,"minecraft:bucket":109,"butchersdelight:rack":2},"minecraft:dropped":{"minecraft:iron_sword":1,"crittersandcompanions:clam":3,"minecraft:glass_bottle":2,"minecraft:item_frame":1,"minecraft:dirt":1,"farmersdelight:onion":6,"minecraft:sand":1,"minecraft:cobbled_deepslate":5,"minecraft:rotten_flesh":17,"minecraft:oak_planks":10,"minecraft:stone_brick_wall":17,"minecraft:arrow":1,"minecraft:scaffolding":1,"minecraft:oak_leaves":2,"farmersdelight:tomato_seeds":2,"minecraft:water_bucket":1,"minecraft:wheat_seeds":32,"eidolon:silver_sword":1,"minecraft:mossy_cobblestone":1,"gamma_beasts:coal_nugget":11,"minecraft:cobblestone":57,"delightful:green_tea_leaf":2,"minecraft:granite":2,"minecraft:mushroom_stew":10,"minecraft:stick":3,"minecraft:spruce_fence_gate":3,"minecraft:torch":1,"toughasnails:leaf_boots":1,"tombstone:grave_dust":7,"minecraft:oak_stairs":2,"toughasnails:leaf_helmet":1,"toughasnails:leaf_leggings":2,"dynamictrees:acacia_seed":7,"toughasnails:leaf_chestplate":1,"minecraft:bowl":18,"minecraft:tuff":4,"farmersdelight:cabbage_seeds":2,"minecraft:tall_grass":2,"minecraft:spruce_fence":11,"forbidden_arcanus:bat_wing":1,"minecraft:shears":1,"minecraft:flower_pot":1,"minecraft:bamboo":1,"minecraft:brown_carpet":1}},"DataVersion":3465}