{"stats":{"minecraft:mined":{"minecraft:tuff":12,"eidolon:deep_silver_ore":16,"iceandfire:silver_ore":8,"minecraft:mossy_cobblestone":1,"minecraft:deepslate_diamond_ore":11,"minecraft:cobbled_deepslate_stairs":1,"minecraft:granite":53,"epicsamurai:deepslate_ruby_ore":7,"minecraft:grass_block":2,"minecraft:brown_mushroom_block":45,"minecraft:coal_block":2,"knightsnmages:deepslate_citrin_ore":15,"epicsamurai:deepslate_jade_ore":10,"minecraft:oak_trapdoor":1,"forbidden_arcanus:deepslate_arcane_crystal_ore":12,"minecraft:furnace":5,"minecraft:iron_ore":23,"minecraft:cobbled_deepslate":12,"gamma_beasts:prehnite_ore":5,"minecraft:andesite":100,"minecraft:pumpkin":8,"minecraft:brown_bed":1,"minecraft:deepslate_iron_ore":8,"epicsamurai:deepslate_silver_ore":3,"knightsnmages:deepslate_moonlight_ore":2,"minecraft:stone":364,"minecraft:deepslate_redstone_ore":14,"minecraft:oak_slab":1,"epicsamurai:deepslate_aquamarine_ore":5,"minecraft:oak_fence":2,"minecraft:crafting_table":10,"minecraft:torch":14,"dynamictrees:acacia_leaves":69,"knightsnmages:deepslate_scarlet_ore":8,"minecraft:mushroom_stem":6,"minecraft:cobblestone":23,"minecraft:deepslate_gold_ore":22,"minecraft:sugar_cane":1,"minecraft:diorite":17,"minecraft:wall_torch":32,"gamma_beasts:deepslate_prehnite_ore":28,"eidolon:deep_lead_ore":27,"minecraft:grass":5,"minecraft:coal_ore":41,"minecraft:mycelium":2,"minecraft:gravel":5,"minecraft:sand":19,"minecraft:dirt":13,"minecraft:smooth_basalt":5,"minecraft:spruce_fence_gate":1,"minecraft:deepslate":97},"minecraft:picked_up":{"minecraft:crafting_table":10,"gamma_beasts:fur":5,"minecraft:brown_mushroom":17,"minecraft:wooden_pickaxe":1,"minecraft:brown_bed":1,"minecraft:enchanted_book":1,"epicsamurai:jade":10,"knightsnmages:citrin_gem":15,"minecraft:cobbled_deepslate":107,"delightful:green_tea_leaf":2,"minecraft:sugar_cane":2,"minecraft:coal_block":2,"crittersandcompanions:clam":2,"minecraft:furnace":5,"minecraft:stick":29,"minecraft:raw_iron":30,"forbidden_arcanus:bat_wing":1,"minecraft:oak_fence":1,"minecraft:torch":52,"minecraft:acacia_log":16,"minecraft:diorite":17,"minecraft:redstone":63,"minecraft:arrow":1,"minecraft:rotten_flesh":15,"minecraft:shears":1,"gamma_beasts:coal_nugget":21,"minecraft:cod":2,"minecraft:cobblestone":321,"eidolon:raw_silver":16,"minecraft:andesite":91,"minecraft:acacia_leaves":67,"gamma_beasts:prehnite":32,"minecraft:tuff":6,"iceandfire:ectoplasm":2,"minecraft:gunpowder":2,"minecraft:dirt":13,"minecraft:bone":7,"gamma_beasts:meat":2,"knightsnmages:scarlet_gem":8,"minecraft:raw_gold":22,"epicsamurai:aquamarine":5,"epicsamurai:raw_silver":3,"minecraft:iron_sword":3,"minecraft:pumpkin":8,"minecraft:gravel":2,"minecraft:sand":20,"dynamictrees:acacia_seed":8,"minecraft:mossy_cobblestone":2,"sons_of_sins:flesh_of_demise":2,"forbidden_arcanus:arcane_crystal":12,"eidolon:raw_lead":29,"minecraft:diamond":11,"minecraft:granite":56,"knightsnmages:moonlight_gem":2,"alexsmobs:maggot":1,"tombstone:magic_scroll":1,"epicsamurai:ruby":7,"minecraft:coal":64,"iceandfire:raw_silver":8},"minecraft:killed":{"minecraft:cod":2,"minecraft:skeleton":5,"eidolon:wraith":2,"minecraft:drowned":1,"minecraft:tropical_fish":1,"minecraft:bat":1,"gamma_beasts:careyatros_a":2,"gamma_beasts:careyatros_c":1,"minecraft:zombie":12,"sons_of_sins:betrayed_guzzler":2,"iceandfire:ghost":4,"eidolon:zombie_brute":1},"minecraft:broken":{"toughasnails:leaf_leggings":1,"minecraft:wooden_pickaxe":1,"minecraft:stone_pickaxe":2,"minecraft:iron_axe":1,"minecraft:wooden_sword":1,"minecraft:stone_axe":1,"minecraft:iron_sword":1,"minecraft:iron_pickaxe":1,"eidolon:silver_sword":1},"minecraft:used":{"minecraft:oak_fence":1,"minecraft:chest":2,"minecraft:shield":53,"minecraft:iron_sword":251,"minecraft:rotten_flesh":10,"minecraft:torch":124,"minecraft:dirt":11,"eidolon:silver_sword":258,"minecraft:tuff":2,"minecraft:granite":34,"alexsmobs:maggot":1,"minecraft:iron_axe":154,"minecraft:furnace":6,"minecraft:cooked_cod":10,"tombstone:gift":4,"minecraft:cobbled_deepslate":83,"minecraft:iron_leggings":1,"minecraft:brown_bed":1,"minecraft:acacia_boat":1,"minecraft:water_bucket":41,"minecraft:glass_bottle":113,"minecraft:stone_pickaxe":374,"minecraft:wooden_pickaxe":38,"minecraft:golden_apple":1,"minecraft:mossy_cobblestone":1,"minecraft:sand":2,"minecraft:crafting_table":11,"minecraft:mushroom_stew":31,"minecraft:shears":69,"minecraft:bread":5,"minecraft:iron_pickaxe":592,"dynamictrees:acacia_seed":1,"minecraft:gravel":2,"toughasnails:leaf_chestplate":1,"minecraft:stone_axe":114,"minecraft:wooden_sword":59,"minecraft:cobblestone":39,"minecraft:potion":112,"minecraft:andesite":91,"minecraft:bucket":42,"minecraft:air":3},"minecraft:dropped":{"minecraft:iron_sword":1,"eidolon:silver_sword":1,"crittersandcompanions:clam":1,"minecraft:mossy_cobblestone":1,"minecraft:glass_bottle":2,"gamma_beasts:coal_nugget":11,"minecraft:cobblestone":3,"delightful:green_tea_leaf":2,"minecraft:granite":2,"minecraft:stick":1,"minecraft:dirt":1,"toughasnails:leaf_boots":1,"toughasnails:leaf_helmet":1,"minecraft:sand":1,"dynamictrees:acacia_seed":7,"toughasnails:leaf_chestplate":1,"minecraft:cobbled_deepslate":5,"minecraft:tuff":4,"minecraft:rotten_flesh":11,"forbidden_arcanus:bat_wing":1,"minecraft:shears":1,"minecraft:arrow":1},"minecraft:custom":{"minecraft:mob_kills":36,"minecraft:interact_with_crafting_table":40,"minecraft:open_barrel":18,"minecraft:leave_game":8,"minecraft:time_since_death":62046,"minecraft:climb_one_cm":6990,"minecraft:sprint_one_cm":487963,"minecraft:walk_one_cm":359423,"minecraft:damage_blocked_by_shield":1696,"minecraft:drop":35,"minecraft:talked_to_villager":3,"minecraft:play_time":247064,"minecraft:sneak_time":3952,"minecraft:deaths":3,"minecraft:walk_under_water_one_cm":43678,"minecraft:jump":3083,"minecraft:interact_with_blast_furnace":2,"minecraft:walk_on_water_one_cm":139427,"minecraft:total_world_time":247064,"minecraft:interact_with_furnace":51,"minecraft:interact_with_cartography_table":1,"minecraft:interact_with_loom":5,"minecraft:sleep_in_bed":3,"minecraft:time_since_rest":8122,"minecraft:damage_taken":3683,"minecraft:damage_absorbed":42,"minecraft:damage_dealt":20162,"minecraft:swim_one_cm":36360,"minecraft:fly_one_cm":496738,"minecraft:open_chest":28,"minecraft:crouch_one_cm":5710,"tombstone:undead_killed":25,"minecraft:fall_one_cm":58540},"minecraft:crafted":{"minecraft:wooden_sword":1,"minecraft:coal":18,"minecraft:furnace":1,"toughasnails:leaf_leggings":2,"minecraft:glass":17,"minecraft:iron_axe":1,"minecraft:stone_pickaxe":3,"minecraft:chest":2,"toughasnails:leaf_helmet":2,"eidolon:silver_ingot":23,"minecraft:glass_bottle":3,"minecraft:cooked_cod":8,"toughasnails:leaf_boots":2,"minecraft:crafting_table":1,"toughasnails:leaf_chestplate":2,"minecraft:wooden_pickaxe":1,"minecraft:iron_sword":1,"minecraft:bowl":20,"minecraft:bucket":1,"minecraft:stone_axe":2,"minecraft:acacia_boat":1,"minecraft:bread":4,"minecraft:air":0,"iceandfire:armor_silver_metal_helmet":1,"eidolon:lead_ingot":24,"minecraft:shield":1,"minecraft:stick":12,"minecraft:iron_ingot":23,"minecraft:iron_pickaxe":1,"minecraft:iron_leggings":1,"minecraft:acacia_planks":64,"minecraft:torch":72,"eidolon:silver_sword":2,"minecraft:shears":1}},"DataVersion":3465}