{"stats":{"minecraft:crafted":{"minecraft:glass_bottle":3,"toughasnails:wool_helmet":1,"minecraft:crafting_table":3,"minecraft:spruce_planks":72,"minecraft:bread":90,"minecraft:air":0,"minecraft:glass":3,"minecraft:shield":1,"minecraft:iron_axe":1,"minecraft:iron_ingot":11,"minecraft:chest":2,"minecraft:wooden_axe":1,"toughasnails:wool_chestplate":1,"minecraft:shears":1,"minecraft:wheat":257},"minecraft:killed":{"minecraft:sheep":1,"minecraft:pillager":6},"minecraft:dropped":{"minecraft:golden_chestplate":1,"minecraft:glass_bottle":2,"gamma_beasts:coal_nugget":3,"minecraft:lantern":2,"improvableskills:parchment_fragment":2,"delightful:green_tea_leaf":4,"dynamictrees:spruce_seed":4,"minecraft:wooden_axe":1,"minecraft:oak_sapling":6,"minecraft:chainmail_boots":1,"minecraft:potion":2,"minecraft:iron_leggings":1,"minecraft:iron_bars":2,"minecraft:raw_gold":9,"minecraft:paper":1},"minecraft:picked_up":{"minecraft:wheat":12,"minecraft:crafting_table":1,"illagerinvasion:platinum_chunk":3,"minecraft:leather":2,"dynamictrees:spruce_seed":4,"minecraft:potion":1,"minecraft:dirt":3,"minecraft:string":4,"minecraft:blue_bed":1,"minecraft:paper":1,"minecraft:lantern":2,"minecraft:cooked_mutton":1,"minecraft:item_frame":8,"minecraft:white_carpet":1,"minecraft:experience_bottle":1,"butchersdelight:dead_cow":1,"minecraft:raw_gold":18,"minecraft:iron_ingot":5,"minecraft:poppy":1,"minecraft:glass_bottle":1,"delightful:green_tea_leaf":5,"minecraft:stick":13,"minecraft:raw_iron":11,"improvableskills:parchment_fragment":2,"minecraft:red_wool":22,"minecraft:sand":3,"minecraft:spruce_log":18,"minecraft:orange_wool":2,"minecraft:hay_block":30,"gamma_beasts:coal_nugget":3,"minecraft:emerald":6,"minecraft:bread":2,"minecraft:oak_sapling":3,"minecraft:light_gray_carpet":1,"minecraft:black_wool":43,"minecraft:coal":20,"minecraft:iron_bars":2,"minecraft:cobblestone":30},"minecraft:custom":{"minecraft:interact_with_smithing_table":1,"minecraft:interact_with_furnace":18,"minecraft:mob_kills":7,"tombstone:raider_killed":6,"minecraft:interact_with_crafting_table":11,"minecraft:leave_game":1,"minecraft:time_since_death":44348,"minecraft:sleep_in_bed":1,"minecraft:climb_one_cm":2774,"minecraft:time_since_rest":11618,"minecraft:sprint_one_cm":220440,"minecraft:damage_taken":2200,"minecraft:walk_one_cm":146340,"minecraft:drop":23,"minecraft:damage_dealt":2229,"minecraft:talked_to_villager":1,"minecraft:fly_one_cm":245723,"minecraft:open_chest":11,"minecraft:crouch_one_cm":925,"minecraft:play_time":70327,"minecraft:deaths":6,"minecraft:sneak_time":308,"minecraft:jump":933,"minecraft:interact_with_brewingstand":1,"minecraft:walk_on_water_one_cm":172,"minecraft:total_world_time":70327,"minecraft:use_cauldron":1,"minecraft:fall_one_cm":20702},"minecraft:used":{"minecraft:cooked_mutton":1,"minecraft:glass_bottle":23,"minecraft:poppy":1,"minecraft:light_gray_carpet":1,"minecraft:chest":2,"minecraft:iron_sword":39,"minecraft:dirt":1,"minecraft:crafting_table":4,"minecraft:golden_chestplate":1,"minecraft:shears":67,"minecraft:wooden_axe":2,"minecraft:bread":14,"minecraft:iron_pickaxe":79,"minecraft:golden_helmet":1,"minecraft:item_frame":6,"minecraft:cobblestone":10,"minecraft:potion":22,"minecraft:chainmail_boots":1,"minecraft:experience_bottle":1},"minecraft:mined":{"minecraft:red_wool":22,"minecraft:orange_wool":2,"minecraft:crafting_table":1,"minecraft:grass_block":2,"minecraft:white_stained_glass":2,"minecraft:cobblestone":6,"minecraft:hay_block":30,"minecraft:iron_ore":11,"minecraft:ice":2,"minecraft:white_carpet":1,"minecraft:black_wool":43,"minecraft:coal_ore":20,"minecraft:iron_bars":2,"minecraft:sand":3,"minecraft:dirt":1,"minecraft:stone":30,"minecraft:gold_ore":9}},"DataVersion":3465}