{"stats":{"minecraft:crafted":{"minecraft:glass":2,"minecraft:crafting_table":1,"minecraft:wooden_pickaxe":1,"minecraft:stone_pickaxe":1,"minecraft:furnace":1,"minecraft:acacia_planks":24,"minecraft:stone_axe":1,"minecraft:air":0},"minecraft:killed":{"minecraft:zombie":4,"iceandfire:ghost":1,"minecraft:drowned":1},"minecraft:picked_up":{"minecraft:stick":25,"minecraft:crafting_table":1,"minecraft:pumpkin":8,"minecraft:acacia_log":15,"minecraft:sand":4,"dynamictrees:acacia_seed":8,"iceandfire:ectoplasm":1,"minecraft:rotten_flesh":4,"minecraft:sugar_cane":2,"crittersandcompanions:clam":1,"minecraft:cobblestone":20},"minecraft:custom":{"minecraft:time_since_rest":14458,"minecraft:interact_with_furnace":3,"minecraft:sprint_one_cm":27255,"minecraft:damage_taken":131,"minecraft:walk_one_cm":30722,"minecraft:mob_kills":6,"minecraft:damage_dealt":1372,"minecraft:swim_one_cm":3600,"minecraft:interact_with_crafting_table":5,"minecraft:fly_one_cm":47034,"minecraft:crouch_one_cm":78,"minecraft:play_time":14458,"tombstone:undead_killed":6,"minecraft:sneak_time":120,"minecraft:walk_under_water_one_cm":2669,"minecraft:jump":190,"minecraft:walk_on_water_one_cm":13443,"minecraft:time_since_death":14458,"minecraft:total_world_time":14458,"minecraft:fall_one_cm":1463},"minecraft:used":{"minecraft:stone_pickaxe":17,"minecraft:wooden_pickaxe":3,"minecraft:rotten_flesh":3,"minecraft:stone_axe":29,"minecraft:sand":1,"minecraft:cobblestone":1,"minecraft:crafting_table":2,"minecraft:furnace":1},"minecraft:mined":{"minecraft:pumpkin":8,"minecraft:crafting_table":1,"minecraft:grass":4,"minecraft:sand":4,"minecraft:stone":20,"minecraft:sugar_cane":1}},"DataVersion":3465}