{"stats":{"minecraft:broken":{"toughasnails:leaf_leggings":1,"minecraft:wooden_pickaxe":1,"minecraft:stone_pickaxe":2,"minecraft:shield":1,"minecraft:iron_axe":1,"minecraft:wooden_sword":1,"minecraft:stone_axe":1,"minecraft:iron_sword":1,"minecraft:iron_pickaxe":1,"eidolon:silver_sword":1},"minecraft:crafted":{"minecraft:wooden_sword":1,"minecraft:oak_planks":80,"minecraft:coal":18,"minecraft:furnace":2,"toughasnails:leaf_leggings":2,"minecraft:glass":17,"minecraft:leather":5,"minecraft:iron_axe":1,"minecraft:stone_pickaxe":3,"minecraft:chest":3,"minecraft:oak_button":1,"toughasnails:leaf_helmet":2,"eidolon:silver_ingot":26,"iceandfire:silver_axe":1,"minecraft:glass_bottle":3,"minecraft:cooked_cod":8,"toughasnails:leaf_boots":2,"minecraft:crafting_table":3,"toughasnails:leaf_chestplate":2,"minecraft:wooden_pickaxe":1,"minecraft:iron_sword":1,"minecraft:bowl":44,"minecraft:bucket":1,"minecraft:stone_axe":2,"minecraft:acacia_boat":1,"minecraft:bread":4,"minecraft:air":0,"minecraft:oak_boat":3,"iceandfire:armor_silver_metal_helmet":1,"eidolon:lead_ingot":24,"minecraft:shield":1,"minecraft:stick":16,"minecraft:iron_ingot":30,"minecraft:iron_pickaxe":1,"minecraft:iron_leggings":1,"minecraft:gold_ingot":22,"minecraft:acacia_planks":64,"minecraft:torch":72,"eidolon:silver_sword":2,"minecraft:shears":1},"minecraft:dropped":{"farmersdelight:tomato_seeds":2,"minecraft:water_bucket":1,"minecraft:iron_sword":1,"minecraft:wheat_seeds":4,"eidolon:silver_sword":1,"crittersandcompanions:clam":3,"minecraft:mossy_cobblestone":1,"minecraft:glass_bottle":2,"gamma_beasts:coal_nugget":11,"minecraft:cobblestone":3,"delightful:green_tea_leaf":2,"minecraft:granite":2,"minecraft:mushroom_stew":8,"minecraft:item_frame":1,"minecraft:stick":3,"minecraft:dirt":1,"minecraft:torch":1,"toughasnails:leaf_boots":1,"tombstone:grave_dust":6,"toughasnails:leaf_helmet":1,"minecraft:sand":1,"dynamictrees:acacia_seed":7,"toughasnails:leaf_chestplate":1,"minecraft:cobbled_deepslate":5,"minecraft:bowl":11,"minecraft:tuff":4,"farmersdelight:cabbage_seeds":2,"minecraft:tall_grass":2,"minecraft:rotten_flesh":17,"minecraft:oak_planks":10,"forbidden_arcanus:bat_wing":1,"minecraft:shears":1,"minecraft:flower_pot":1,"minecraft:stone_brick_wall":16,"minecraft:brown_carpet":1,"minecraft:bamboo":1,"minecraft:arrow":1,"minecraft:scaffolding":1},"minecraft:used":{"minecraft:oak_fence":1,"minecraft:trident":8,"minecraft:chest":3,"minecraft:decorated_pot":2,"minecraft:shield":64,"minecraft:iron_sword":251,"minecraft:rotten_flesh":10,"minecraft:torch":125,"minecraft:dirt":11,"minecraft:tuff":2,"minecraft:granite":34,"eidolon:silver_sword":367,"alexsmobs:maggot":1,"minecraft:lantern":1,"minecraft:iron_axe":154,"minecraft:furnace":7,"minecraft:cooked_cod":10,"tombstone:gift":5,"minecraft:cobbled_deepslate":95,"minecraft:iron_leggings":1,"minecraft:brown_bed":1,"minecraft:acacia_boat":1,"minecraft:water_bucket":56,"minecraft:glass_bottle":140,"minecraft:stone_pickaxe":374,"minecraft:wooden_pickaxe":38,"minecraft:golden_apple":1,"minecraft:mossy_cobblestone":1,"minecraft:sand":2,"minecraft:crafting_table":13,"minecraft:mushroom_stew":46,"iceandfire:silver_axe":3,"minecraft:shears":69,"minecraft:bread":5,"minecraft:oak_button":1,"minecraft:iron_pickaxe":615,"forbidden_arcanus:aureal_bottle":1,"dynamictrees:acacia_seed":1,"minecraft:gravel":2,"toughasnails:leaf_chestplate":1,"minecraft:stone_axe":114,"minecraft:fire_charge":1,"minecraft:wooden_sword":59,"minecraft:potion":140,"minecraft:cobblestone":39,"forbidden_arcanus:splash_aureal_bottle":2,"minecraft:bucket":57,"minecraft:andesite":91,"minecraft:oak_boat":3,"minecraft:air":3,"minecraft:experience_bottle":15},"minecraft:custom":{"minecraft:interact_with_smithing_table":1,"minecraft:interact_with_anvil":1,"minecraft:mob_kills":40,"minecraft:interact_with_crafting_table":51,"minecraft:open_barrel":42,"minecraft:leave_game":10,"minecraft:time_since_death":45139,"minecraft:climb_one_cm":8284,"minecraft:sprint_one_cm":785562,"minecraft:walk_one_cm":509838,"minecraft:damage_blocked_by_shield":2522,"minecraft:drop":73,"minecraft:talked_to_villager":3,"minecraft:sneak_time":5623,"minecraft:play_time":330449,"minecraft:deaths":6,"minecraft:walk_under_water_one_cm":46333,"minecraft:jump":4259,"minecraft:interact_with_brewingstand":1,"minecraft:interact_with_blast_furnace":2,"minecraft:walk_on_water_one_cm":148418,"minecraft:total_world_time":330449,"minecraft:interact_with_furnace":56,"minecraft:tune_noteblock":9,"minecraft:interact_with_cartography_table":2,"minecraft:interact_with_loom":5,"minecraft:sleep_in_bed":9,"minecraft:time_since_rest":930,"minecraft:waystone_activated":1,"minecraft:damage_taken":5043,"minecraft:damage_absorbed":42,"minecraft:damage_dealt":22583,"tombstone:cast_on_ally":0,"minecraft:swim_one_cm":41784,"minecraft:fly_one_cm":678767,"minecraft:open_chest":81,"minecraft:crouch_one_cm":7270,"tombstone:undead_killed":29,"minecraft:interact_with_smoker":1,"minecraft:fall_one_cm":84608},"minecraft:mined":{"minecraft:tuff":12,"eidolon:deep_silver_ore":16,"iceandfire:silver_ore":8,"minecraft:mossy_cobblestone":1,"minecraft:deepslate_diamond_ore":11,"minecraft:cobbled_deepslate_stairs":1,"minecraft:granite":53,"epicsamurai:deepslate_ruby_ore":7,"minecraft:stone_brick_wall":19,"minecraft:grass_block":3,"minecraft:decorated_pot":5,"minecraft:brown_mushroom_block":45,"minecraft:coal_block":2,"minecraft:potted_bamboo":1,"knightsnmages:deepslate_citrin_ore":15,"epicsamurai:deepslate_jade_ore":10,"minecraft:oak_trapdoor":1,"forbidden_arcanus:deepslate_arcane_crystal_ore":12,"minecraft:furnace":7,"minecraft:iron_ore":23,"minecraft:fire":1,"minecraft:cobbled_deepslate":12,"gamma_beasts:prehnite_ore":5,"minecraft:andesite":100,"minecraft:pumpkin":8,"minecraft:brown_bed":1,"minecraft:deepslate_iron_ore":8,"minecraft:oak_stairs":2,"epicsamurai:deepslate_silver_ore":3,"minecraft:stripped_oak_log":5,"knightsnmages:deepslate_moonlight_ore":2,"minecraft:stone":364,"minecraft:deepslate_redstone_ore":14,"minecraft:oak_slab":1,"minecraft:scaffolding":1,"epicsamurai:deepslate_aquamarine_ore":5,"minecraft:oak_fence":2,"minecraft:crafting_table":10,"minecraft:torch":14,"dynamictrees:acacia_leaves":69,"knightsnmages:deepslate_scarlet_ore":8,"minecraft:mushroom_stem":6,"minecraft:cobblestone":23,"minecraft:deepslate_gold_ore":22,"minecraft:sugar_cane":1,"minecraft:wall_torch":33,"minecraft:diorite":17,"gamma_beasts:deepslate_prehnite_ore":28,"eidolon:deep_lead_ore":27,"minecraft:grass":5,"minecraft:oak_log":15,"minecraft:coal_ore":41,"minecraft:mycelium":2,"minecraft:gravel":5,"minecraft:sand":19,"minecraft:dirt":13,"minecraft:smooth_basalt":5,"minecraft:spruce_fence_gate":1,"minecraft:oak_leaves":1,"minecraft:deepslate":97},"minecraft:picked_up":{"minecraft:crafting_table":10,"minecraft:oak_stairs":2,"minecraft:flower_pot":1,"gamma_beasts:fur":5,"minecraft:brown_mushroom":17,"minecraft:wooden_pickaxe":1,"gamma_beasts:cooked_meat":2,"minecraft:brown_bed":1,"minecraft:stone_brick_wall":16,"minecraft:enchanted_book":1,"minecraft:item_frame":1,"epicsamurai:jade":10,"minecraft:oak_sign":2,"knightsnmages:citrin_gem":15,"minecraft:cobbled_deepslate":107,"minecraft:coal_block":2,"delightful:green_tea_leaf":2,"minecraft:sugar_cane":2,"crittersandcompanions:clam":4,"minecraft:furnace":7,"minecraft:raw_iron":30,"minecraft:stick":29,"forbidden_arcanus:bat_wing":1,"minecraft:oak_fence":1,"minecraft:acacia_log":16,"minecraft:torch":53,"minecraft:bowl":4,"tombstone:grave_dust":5,"minecraft:diorite":17,"minecraft:redstone":63,"minecraft:brown_carpet":1,"minecraft:arrow":1,"eidolon:silver_sword":1,"minecraft:rotten_flesh":21,"minecraft:decorated_pot":2,"minecraft:shears":1,"gamma_beasts:coal_nugget":21,"minecraft:cod":2,"minecraft:cobblestone":321,"minecraft:stripped_oak_log":5,"eidolon:raw_silver":16,"minecraft:water_bucket":1,"minecraft:andesite":91,"minecraft:acacia_leaves":67,"gamma_beasts:prehnite":32,"minecraft:mushroom_stew":8,"minecraft:tuff":6,"minecraft:oak_log":15,"iceandfire:ectoplasm":2,"minecraft:gunpowder":2,"minecraft:dirt":13,"minecraft:lantern":1,"minecraft:glass":14,"minecraft:bone":7,"knightsnmages:scarlet_gem":8,"gamma_beasts:meat":2,"minecraft:raw_gold":22,"minecraft:bamboo":1,"minecraft:iron_sword":3,"epicsamurai:aquamarine":5,"epicsamurai:raw_silver":3,"toughasnails:leaf_chestplate":1,"minecraft:scaffolding":1,"minecraft:pumpkin":8,"minecraft:gravel":2,"minecraft:sand":20,"dynamictrees:acacia_seed":8,"sons_of_sins:flesh_of_demise":2,"minecraft:mossy_cobblestone":2,"forbidden_arcanus:arcane_crystal":12,"eidolon:raw_lead":29,"minecraft:diamond":11,"minecraft:granite":56,"knightsnmages:moonlight_gem":2,"minecraft:emerald":1,"alexsmobs:maggot":1,"tombstone:magic_scroll":1,"epicsamurai:ruby":7,"minecraft:coal":95,"iceandfire:raw_silver":8},"minecraft:killed":{"minecraft:cod":2,"minecraft:skeleton":5,"eidolon:wraith":2,"minecraft:drowned":5,"minecraft:tropical_fish":1,"minecraft:bat":1,"gamma_beasts:careyatros_a":2,"gamma_beasts:careyatros_c":1,"minecraft:zombie":12,"sons_of_sins:betrayed_guzzler":2,"iceandfire:ghost":4,"eidolon:zombie_brute":1},"minecraft:killed_by":{"minecraft:drowned":1}},"DataVersion":3465}