{"stats":{"minecraft:crafted":{"minecraft:glass_bottle":3,"minecraft:wooden_sword":1,"minecraft:cooked_cod":8,"toughasnails:leaf_boots":2,"minecraft:coal":18,"minecraft:crafting_table":1,"toughasnails:leaf_chestplate":2,"minecraft:wooden_pickaxe":1,"minecraft:iron_sword":1,"minecraft:bowl":20,"minecraft:furnace":1,"minecraft:bucket":1,"minecraft:stone_axe":2,"toughasnails:leaf_leggings":2,"minecraft:acacia_boat":1,"minecraft:bread":4,"minecraft:air":0,"minecraft:glass":3,"iceandfire:armor_silver_metal_helmet":1,"minecraft:shield":1,"minecraft:iron_axe":1,"minecraft:stick":8,"minecraft:iron_ingot":23,"minecraft:iron_pickaxe":1,"minecraft:stone_pickaxe":3,"minecraft:chest":2,"minecraft:iron_leggings":1,"toughasnails:leaf_helmet":2,"minecraft:acacia_planks":60,"minecraft:torch":56,"eidolon:silver_ingot":7,"minecraft:shears":1},"minecraft:broken":{"minecraft:stone_pickaxe":2,"toughasnails:leaf_leggings":1,"minecraft:wooden_sword":1,"minecraft:stone_axe":1,"minecraft:wooden_pickaxe":1},"minecraft:killed":{"gamma_beasts:careyatros_a":1,"minecraft:cod":2,"minecraft:zombie":5,"iceandfire:ghost":4,"minecraft:drowned":1,"minecraft:tropical_fish":1},"minecraft:dropped":{"toughasnails:leaf_chestplate":1,"crittersandcompanions:clam":1,"minecraft:mossy_cobblestone":1,"minecraft:glass_bottle":2,"gamma_beasts:coal_nugget":11,"minecraft:cobblestone":3,"minecraft:shears":1,"minecraft:stick":1,"minecraft:dirt":1,"toughasnails:leaf_boots":1,"toughasnails:leaf_helmet":1,"dynamictrees:acacia_seed":7},"minecraft:picked_up":{"minecraft:crafting_table":10,"minecraft:andesite":61,"minecraft:acacia_leaves":67,"minecraft:wooden_pickaxe":1,"iceandfire:ectoplasm":2,"minecraft:gunpowder":2,"minecraft:dirt":13,"minecraft:cobbled_deepslate":11,"minecraft:coal_block":2,"minecraft:sugar_cane":2,"crittersandcompanions:clam":2,"minecraft:furnace":5,"minecraft:stick":25,"minecraft:raw_iron":23,"minecraft:pumpkin":8,"minecraft:torch":34,"minecraft:acacia_log":15,"minecraft:sand":4,"dynamictrees:acacia_seed":8,"minecraft:diorite":17,"minecraft:mossy_cobblestone":2,"eidolon:raw_lead":5,"minecraft:rotten_flesh":4,"minecraft:shears":1,"minecraft:granite":34,"gamma_beasts:coal_nugget":21,"alexsmobs:maggot":1,"minecraft:cod":2,"minecraft:coal":62,"iceandfire:raw_silver":8,"minecraft:cobblestone":311},"minecraft:custom":{"minecraft:interact_with_furnace":35,"minecraft:mob_kills":14,"minecraft:interact_with_cartography_table":1,"minecraft:interact_with_crafting_table":34,"minecraft:open_barrel":17,"minecraft:interact_with_loom":5,"minecraft:leave_game":3,"minecraft:time_since_death":112131,"minecraft:sleep_in_bed":2,"minecraft:climb_one_cm":6132,"minecraft:time_since_rest":20088,"minecraft:sprint_one_cm":187147,"minecraft:damage_absorbed":42,"minecraft:damage_taken":1522,"minecraft:walk_one_cm":226274,"minecraft:damage_blocked_by_shield":90,"minecraft:drop":13,"minecraft:damage_dealt":6509,"minecraft:swim_one_cm":23860,"minecraft:talked_to_villager":3,"minecraft:fly_one_cm":311253,"minecraft:open_chest":23,"minecraft:crouch_one_cm":2923,"minecraft:play_time":134183,"tombstone:undead_killed":10,"minecraft:deaths":2,"minecraft:sneak_time":1737,"minecraft:walk_under_water_one_cm":36318,"minecraft:jump":1573,"minecraft:interact_with_blast_furnace":2,"minecraft:walk_on_water_one_cm":128713,"minecraft:total_world_time":134183,"minecraft:fall_one_cm":31061},"minecraft:used":{"minecraft:acacia_boat":1,"minecraft:water_bucket":16,"minecraft:glass_bottle":50,"minecraft:stone_pickaxe":374,"minecraft:shield":2,"minecraft:chest":2,"minecraft:wooden_pickaxe":38,"minecraft:iron_sword":8,"minecraft:rotten_flesh":10,"minecraft:torch":72,"minecraft:golden_apple":1,"minecraft:mossy_cobblestone":1,"minecraft:dirt":11,"minecraft:sand":1,"minecraft:crafting_table":11,"minecraft:mushroom_stew":4,"minecraft:granite":14,"minecraft:shears":69,"alexsmobs:maggot":1,"minecraft:bread":5,"minecraft:iron_axe":62,"minecraft:iron_pickaxe":232,"dynamictrees:acacia_seed":1,"toughasnails:leaf_chestplate":1,"minecraft:stone_axe":114,"minecraft:wooden_sword":59,"minecraft:cobblestone":37,"minecraft:potion":49,"minecraft:furnace":4,"minecraft:cooked_cod":10,"minecraft:andesite":58,"minecraft:bucket":16,"tombstone:gift":2,"minecraft:cobbled_deepslate":11,"minecraft:iron_leggings":1},"minecraft:mined":{"minecraft:oak_slab":1,"eidolon:deep_silver_ore":1,"iceandfire:silver_ore":8,"minecraft:mossy_cobblestone":1,"minecraft:cobbled_deepslate_stairs":1,"minecraft:oak_fence":1,"minecraft:crafting_table":10,"minecraft:torch":6,"minecraft:granite":34,"dynamictrees:acacia_leaves":69,"minecraft:grass_block":2,"minecraft:coal_block":2,"minecraft:cobblestone":15,"minecraft:sugar_cane":1,"minecraft:diorite":17,"minecraft:wall_torch":23,"minecraft:oak_trapdoor":1,"minecraft:furnace":5,"eidolon:deep_lead_ore":4,"minecraft:iron_ore":23,"minecraft:andesite":61,"minecraft:pumpkin":8,"minecraft:grass":5,"minecraft:mycelium":2,"minecraft:coal_ore":39,"minecraft:gravel":5,"minecraft:sand":4,"minecraft:dirt":13,"minecraft:spruce_fence_gate":1,"minecraft:stone":347,"minecraft:deepslate":42}},"DataVersion":3465}