{"stats":{"minecraft:crafted":{"minecraft:wooden_sword":1,"minecraft:glass_bottle":3,"minecraft:glass":3,"minecraft:crafting_table":1,"minecraft:stick":4,"minecraft:wooden_pickaxe":1,"minecraft:stone_pickaxe":3,"minecraft:furnace":1,"minecraft:acacia_planks":60,"minecraft:torch":56,"minecraft:stone_axe":2,"minecraft:air":0},"minecraft:broken":{"minecraft:stone_pickaxe":2,"minecraft:wooden_pickaxe":1},"minecraft:killed":{"minecraft:zombie":5,"iceandfire:ghost":4,"minecraft:drowned":1,"minecraft:cod":2,"minecraft:tropical_fish":1},"minecraft:picked_up":{"minecraft:stick":25,"minecraft:crafting_table":4,"minecraft:pumpkin":8,"minecraft:andesite":14,"minecraft:torch":7,"minecraft:wooden_pickaxe":1,"minecraft:acacia_log":15,"minecraft:sand":4,"dynamictrees:acacia_seed":8,"iceandfire:ectoplasm":2,"minecraft:diorite":16,"minecraft:dirt":10,"minecraft:rotten_flesh":4,"minecraft:granite":20,"gamma_beasts:coal_nugget":10,"alexsmobs:maggot":1,"minecraft:sugar_cane":2,"minecraft:cod":2,"minecraft:coal":32,"crittersandcompanions:clam":1,"iceandfire:raw_silver":5,"minecraft:cobblestone":230,"minecraft:furnace":1},"minecraft:custom":{"minecraft:time_since_rest":15937,"minecraft:interact_with_furnace":5,"minecraft:sprint_one_cm":55816,"minecraft:damage_taken":562,"minecraft:walk_one_cm":43352,"minecraft:mob_kills":13,"minecraft:damage_dealt":3422,"minecraft:swim_one_cm":9956,"minecraft:interact_with_crafting_table":10,"minecraft:fly_one_cm":128594,"minecraft:crouch_one_cm":180,"minecraft:play_time":38458,"minecraft:deaths":2,"tombstone:undead_killed":10,"minecraft:sneak_time":685,"minecraft:walk_under_water_one_cm":29018,"minecraft:jump":502,"minecraft:walk_on_water_one_cm":98427,"minecraft:time_since_death":16406,"minecraft:total_world_time":38458,"minecraft:fall_one_cm":6098},"minecraft:used":{"alexsmobs:maggot":1,"minecraft:glass_bottle":6,"minecraft:stone_pickaxe":322,"minecraft:wooden_pickaxe":38,"minecraft:rotten_flesh":4,"minecraft:torch":23,"minecraft:stone_axe":48,"minecraft:wooden_sword":2,"minecraft:sand":1,"minecraft:cobblestone":9,"minecraft:potion":3,"minecraft:crafting_table":5,"minecraft:furnace":1,"tombstone:gift":2},"minecraft:mined":{"minecraft:furnace":1,"iceandfire:silver_ore":5,"minecraft:andesite":14,"minecraft:pumpkin":8,"minecraft:torch":1,"minecraft:crafting_table":4,"minecraft:granite":20,"minecraft:grass":5,"minecraft:grass_block":2,"minecraft:coal_ore":33,"minecraft:dirt":8,"minecraft:sand":4,"minecraft:stone":232,"minecraft:sugar_cane":1,"minecraft:diorite":16,"minecraft:wall_torch":6}},"DataVersion":3465}