{"stats":{"minecraft:broken":{"toughasnails:leaf_leggings":1,"minecraft:wooden_pickaxe":1,"minecraft:stone_pickaxe":2,"minecraft:shield":1,"minecraft:iron_axe":1,"minecraft:wooden_sword":1,"minecraft:stone_axe":1,"minecraft:iron_sword":1,"minecraft:iron_pickaxe":1,"toughasnails:purified_water_canteen":1,"eidolon:silver_sword":1},"minecraft:killed_by":{"minecraft:drowned":1},"minecraft:custom":{"minecraft:interact_with_smithing_table":1,"minecraft:interact_with_anvil":1,"minecraft:mob_kills":40,"minecraft:interact_with_crafting_table":62,"minecraft:open_barrel":42,"minecraft:leave_game":13,"minecraft:time_since_death":3282,"minecraft:climb_one_cm":8284,"minecraft:sprint_one_cm":954488,"minecraft:walk_one_cm":575810,"minecraft:damage_blocked_by_shield":2522,"minecraft:drop":84,"minecraft:talked_to_villager":3,"minecraft:sneak_time":7237,"minecraft:play_time":384012,"minecraft:deaths":8,"minecraft:walk_under_water_one_cm":47997,"minecraft:jump":5013,"minecraft:interact_with_brewingstand":1,"minecraft:interact_with_blast_furnace":2,"minecraft:walk_on_water_one_cm":150656,"minecraft:total_world_time":384012,"minecraft:interact_with_furnace":65,"minecraft:tune_noteblock":9,"minecraft:interact_with_cartography_table":2,"minecraft:interact_with_loom":5,"minecraft:sleep_in_bed":13,"minecraft:time_since_rest":2561,"minecraft:waystone_activated":1,"minecraft:damage_taken":6004,"minecraft:damage_absorbed":42,"minecraft:damage_dealt":22747,"tombstone:cast_on_ally":0,"minecraft:swim_one_cm":44830,"minecraft:fly_one_cm":843810,"minecraft:open_chest":110,"minecraft:crouch_one_cm":11043,"tombstone:undead_killed":29,"minecraft:interact_with_smoker":1,"minecraft:fall_one_cm":108878,"minecraft:animals_bred":2},"minecraft:picked_up":{"gamma_beasts:thin_oak_log":11,"minecraft:crafting_table":10,"minecraft:flower_pot":1,"gamma_beasts:cooked_meat":2,"gamma_beasts:fur":5,"minecraft:brown_mushroom":17,"minecraft:wooden_pickaxe":1,"minecraft:brown_bed":1,"minecraft:oak_stairs":2,"minecraft:stone_brick_wall":17,"minecraft:enchanted_book":1,"minecraft:smooth_stone_slab":4,"minecraft:item_frame":1,"epicsamurai:jade":10,"minecraft:oak_sign":2,"knightsnmages:citrin_gem":15,"minecraft:cobbled_deepslate":107,"minecraft:coal_block":2,"delightful:green_tea_leaf":2,"minecraft:sugar_cane":2,"crittersandcompanions:clam":4,"minecraft:furnace":7,"minecraft:raw_iron":30,"minecraft:stick":29,"forbidden_arcanus:bat_wing":1,"minecraft:oak_fence":6,"minecraft:acacia_log":16,"minecraft:torch":53,"minecraft:bowl":4,"tombstone:grave_dust":5,"minecraft:diorite":17,"minecraft:redstone":63,"minecraft:brown_carpet":1,"minecraft:arrow":1,"eidolon:silver_sword":1,"minecraft:rotten_flesh":21,"minecraft:decorated_pot":2,"farmersdelight:onion":6,"minecraft:hay_block":25,"minecraft:shears":1,"gamma_beasts:coal_nugget":21,"minecraft:cod":2,"minecraft:cobblestone":325,"minecraft:stripped_oak_log":5,"eidolon:raw_silver":16,"minecraft:water_bucket":1,"minecraft:andesite":91,"minecraft:acacia_leaves":67,"gamma_beasts:prehnite":32,"minecraft:mushroom_stew":8,"gamma_beasts:green_apple":21,"gamma_beasts:oak_leaf":27,"minecraft:tuff":6,"minecraft:oak_log":19,"iceandfire:ectoplasm":2,"minecraft:gunpowder":2,"minecraft:dirt":26,"minecraft:lantern":3,"minecraft:glass":14,"minecraft:bone":7,"knightsnmages:scarlet_gem":8,"gamma_beasts:meat":2,"minecraft:raw_gold":22,"minecraft:oak_planks":1,"minecraft:iron_sword":3,"minecraft:bamboo":1,"epicsamurai:raw_silver":3,"epicsamurai:aquamarine":5,"toughasnails:leaf_chestplate":1,"minecraft:scaffolding":1,"minecraft:pumpkin":8,"minecraft:gravel":2,"minecraft:sand":53,"dynamictrees:acacia_seed":8,"minecraft:white_bed":1,"sons_of_sins:flesh_of_demise":2,"minecraft:mossy_cobblestone":2,"forbidden_arcanus:arcane_crystal":12,"eidolon:raw_lead":29,"minecraft:diamond":11,"minecraft:granite":56,"knightsnmages:moonlight_gem":2,"minecraft:emerald":1,"alexsmobs:maggot":1,"tombstone:magic_scroll":1,"epicsamurai:ruby":7,"minecraft:coal":95,"iceandfire:raw_silver":8,"minecraft:allium":6},"minecraft:crafted":{"minecraft:wooden_sword":1,"minecraft:oak_planks":118,"minecraft:coal":18,"minecraft:furnace":2,"toughasnails:leaf_leggings":2,"minecraft:glass":41,"minecraft:leather":7,"minecraft:iron_axe":1,"minecraft:stone_pickaxe":3,"minecraft:chest":3,"minecraft:oak_button":1,"toughasnails:leaf_helmet":2,"minecraft:oak_fence":27,"eidolon:silver_ingot":26,"minecraft:wheat":225,"iceandfire:silver_axe":1,"minecraft:glass_bottle":3,"minecraft:cooked_cod":8,"toughasnails:leaf_boots":2,"minecraft:crafting_table":4,"toughasnails:leaf_chestplate":2,"minecraft:wooden_pickaxe":1,"minecraft:iron_sword":1,"minecraft:bowl":44,"eidolon:silver_shovel":1,"minecraft:bucket":1,"minecraft:stone_axe":2,"minecraft:acacia_boat":1,"minecraft:bread":37,"minecraft:air":0,"minecraft:oak_boat":3,"iceandfire:armor_silver_metal_helmet":1,"eidolon:lead_ingot":24,"minecraft:diamond_pickaxe":1,"toughasnails:water_purifier":1,"minecraft:shield":2,"minecraft:stick":48,"minecraft:iron_ingot":30,"minecraft:iron_pickaxe":1,"minecraft:iron_leggings":1,"minecraft:gold_ingot":22,"minecraft:acacia_planks":64,"minecraft:torch":80,"eidolon:silver_sword":2,"minecraft:shears":2,"toughasnails:empty_canteen":1},"minecraft:killed":{"minecraft:cod":2,"minecraft:skeleton":5,"eidolon:wraith":2,"minecraft:drowned":5,"minecraft:tropical_fish":1,"minecraft:bat":1,"gamma_beasts:careyatros_a":2,"gamma_beasts:careyatros_c":1,"minecraft:zombie":12,"sons_of_sins:betrayed_guzzler":2,"iceandfire:ghost":4,"eidolon:zombie_brute":1},"minecraft:mined":{"gamma_beasts:roble_hoja_1":19,"minecraft:tuff":12,"eidolon:deep_silver_ore":16,"minecraft:white_bed":1,"iceandfire:silver_ore":8,"minecraft:mossy_cobblestone":1,"minecraft:deepslate_diamond_ore":11,"minecraft:cobbled_deepslate_stairs":1,"gamma_beasts:roblo_hoja":6,"minecraft:granite":53,"epicsamurai:deepslate_ruby_ore":7,"minecraft:grass_block":7,"minecraft:stone_brick_wall":20,"minecraft:decorated_pot":5,"minecraft:brown_mushroom_block":45,"minecraft:coal_block":2,"knightsnmages:deepslate_citrin_ore":15,"minecraft:potted_bamboo":1,"minecraft:hay_block":25,"epicsamurai:deepslate_jade_ore":10,"minecraft:oak_trapdoor":1,"forbidden_arcanus:deepslate_arcane_crystal_ore":12,"minecraft:furnace":7,"minecraft:iron_ore":23,"minecraft:fire":1,"minecraft:cobbled_deepslate":12,"gamma_beasts:prehnite_ore":5,"minecraft:andesite":100,"minecraft:pumpkin":8,"minecraft:brown_bed":1,"minecraft:deepslate_iron_ore":8,"minecraft:oak_stairs":2,"minecraft:lantern":1,"epicsamurai:deepslate_silver_ore":3,"minecraft:stripped_oak_log":5,"knightsnmages:deepslate_moonlight_ore":2,"minecraft:stone":364,"minecraft:deepslate_redstone_ore":14,"minecraft:oak_slab":1,"minecraft:scaffolding":1,"epicsamurai:deepslate_aquamarine_ore":5,"minecraft:oak_fence":7,"minecraft:crafting_table":10,"minecraft:torch":14,"dynamictrees:acacia_leaves":69,"knightsnmages:deepslate_scarlet_ore":8,"minecraft:mushroom_stem":6,"minecraft:tall_grass":1,"minecraft:cobblestone":26,"minecraft:deepslate_gold_ore":22,"minecraft:oak_planks":1,"minecraft:sugar_cane":1,"minecraft:diorite":17,"minecraft:wall_torch":33,"gamma_beasts:deepslate_prehnite_ore":28,"eidolon:deep_lead_ore":27,"gamma_beasts:thin_oak_log":11,"minecraft:smooth_stone_slab":3,"minecraft:grass":9,"minecraft:oak_log":19,"minecraft:coal_ore":41,"minecraft:mycelium":2,"minecraft:gravel":5,"minecraft:sand":52,"minecraft:dirt":13,"minecraft:smooth_basalt":5,"minecraft:spruce_fence_gate":1,"minecraft:oak_leaves":1,"minecraft:deepslate":97},"minecraft:used":{"minecraft:oak_fence":22,"minecraft:trident":10,"toughasnails:water_purifier":1,"minecraft:oak_sign":2,"minecraft:chest":3,"minecraft:decorated_pot":2,"minecraft:shield":64,"minecraft:iron_sword":251,"minecraft:rotten_flesh":10,"minecraft:torch":125,"minecraft:dirt":24,"toughasnails:empty_canteen":2,"minecraft:allium":6,"minecraft:tuff":2,"minecraft:granite":34,"eidolon:silver_sword":367,"alexsmobs:maggot":1,"minecraft:lantern":3,"minecraft:iron_axe":154,"minecraft:furnace":7,"minecraft:cooked_cod":10,"tombstone:gift":6,"minecraft:cobbled_deepslate":95,"forbidden_arcanus:edelwood_bucket":1,"minecraft:iron_leggings":1,"minecraft:brown_bed":1,"eidolon:silver_shovel":33,"minecraft:acacia_boat":1,"minecraft:water_bucket":71,"minecraft:glass_bottle":147,"minecraft:stone_pickaxe":374,"minecraft:wooden_pickaxe":38,"toughasnails:water_canteen":11,"forbidden_arcanus:edelwood_water_bucket":1,"minecraft:golden_apple":1,"minecraft:mossy_cobblestone":1,"minecraft:sand":2,"minecraft:crafting_table":14,"minecraft:mushroom_stew":54,"iceandfire:silver_axe":26,"minecraft:shears":69,"minecraft:white_bed":1,"minecraft:bread":5,"minecraft:oak_button":1,"minecraft:iron_pickaxe":623,"forbidden_arcanus:aureal_bottle":1,"dynamictrees:acacia_seed":1,"minecraft:gravel":2,"toughasnails:leaf_chestplate":1,"minecraft:stone_axe":114,"minecraft:fire_charge":1,"minecraft:wooden_sword":59,"minecraft:potion":147,"minecraft:cobblestone":42,"forbidden_arcanus:splash_aureal_bottle":2,"toughasnails:purified_water_bottle":1,"toughasnails:purified_water_canteen":7,"minecraft:bucket":72,"minecraft:andesite":91,"minecraft:smooth_stone_slab":4,"minecraft:oak_boat":3,"minecraft:air":3,"minecraft:experience_bottle":15},"minecraft:dropped":{"farmersdelight:tomato_seeds":2,"minecraft:water_bucket":1,"minecraft:wheat_seeds":4,"eidolon:silver_sword":1,"minecraft:iron_sword":1,"crittersandcompanions:clam":3,"minecraft:mossy_cobblestone":1,"minecraft:glass_bottle":2,"gamma_beasts:coal_nugget":11,"minecraft:cobblestone":4,"delightful:green_tea_leaf":2,"minecraft:granite":2,"minecraft:mushroom_stew":8,"minecraft:item_frame":1,"minecraft:stick":3,"minecraft:dirt":1,"minecraft:torch":1,"toughasnails:leaf_boots":1,"tombstone:grave_dust":7,"farmersdelight:onion":6,"minecraft:oak_stairs":2,"toughasnails:leaf_helmet":1,"minecraft:sand":1,"dynamictrees:acacia_seed":7,"toughasnails:leaf_chestplate":1,"minecraft:cobbled_deepslate":5,"minecraft:bowl":11,"minecraft:tuff":4,"farmersdelight:cabbage_seeds":2,"minecraft:tall_grass":2,"minecraft:rotten_flesh":17,"minecraft:oak_planks":10,"forbidden_arcanus:bat_wing":1,"minecraft:shears":1,"minecraft:flower_pot":1,"minecraft:stone_brick_wall":17,"minecraft:brown_carpet":1,"minecraft:bamboo":1,"minecraft:arrow":1,"minecraft:scaffolding":1}},"DataVersion":3465}