{"stats":{"minecraft:mined":{"minecraft:tuff":5,"eidolon:deep_silver_ore":10,"iceandfire:silver_ore":8,"minecraft:mossy_cobblestone":1,"minecraft:deepslate_diamond_ore":11,"minecraft:cobbled_deepslate_stairs":1,"minecraft:granite":53,"epicsamurai:deepslate_ruby_ore":7,"minecraft:grass_block":2,"minecraft:brown_mushroom_block":45,"minecraft:coal_block":2,"knightsnmages:deepslate_citrin_ore":15,"epicsamurai:deepslate_jade_ore":10,"minecraft:oak_trapdoor":1,"forbidden_arcanus:deepslate_arcane_crystal_ore":12,"minecraft:furnace":5,"minecraft:iron_ore":23,"minecraft:cobbled_deepslate":12,"minecraft:andesite":92,"minecraft:pumpkin":8,"minecraft:deepslate_iron_ore":8,"epicsamurai:deepslate_silver_ore":3,"knightsnmages:deepslate_moonlight_ore":2,"minecraft:stone":347,"minecraft:deepslate_redstone_ore":14,"minecraft:oak_slab":1,"epicsamurai:deepslate_aquamarine_ore":5,"minecraft:oak_fence":1,"minecraft:crafting_table":10,"minecraft:torch":10,"dynamictrees:acacia_leaves":69,"knightsnmages:deepslate_scarlet_ore":8,"minecraft:mushroom_stem":6,"minecraft:cobblestone":23,"minecraft:deepslate_gold_ore":22,"minecraft:sugar_cane":1,"minecraft:diorite":17,"minecraft:wall_torch":32,"gamma_beasts:deepslate_prehnite_ore":26,"eidolon:deep_lead_ore":27,"minecraft:grass":5,"minecraft:coal_ore":39,"minecraft:mycelium":2,"minecraft:gravel":5,"minecraft:sand":19,"minecraft:dirt":13,"minecraft:spruce_fence_gate":1,"minecraft:deepslate":80},"minecraft:picked_up":{"minecraft:crafting_table":10,"minecraft:brown_mushroom":17,"minecraft:wooden_pickaxe":1,"minecraft:enchanted_book":1,"epicsamurai:jade":10,"knightsnmages:citrin_gem":15,"minecraft:cobbled_deepslate":90,"minecraft:sugar_cane":2,"minecraft:coal_block":2,"crittersandcompanions:clam":2,"minecraft:furnace":5,"minecraft:stick":25,"minecraft:raw_iron":30,"forbidden_arcanus:bat_wing":1,"minecraft:torch":48,"minecraft:acacia_log":15,"minecraft:diorite":17,"minecraft:redstone":63,"minecraft:arrow":1,"minecraft:rotten_flesh":13,"minecraft:shears":1,"gamma_beasts:coal_nugget":21,"minecraft:cod":2,"minecraft:cobblestone":321,"eidolon:raw_silver":10,"minecraft:andesite":91,"minecraft:acacia_leaves":67,"gamma_beasts:prehnite":25,"minecraft:tuff":3,"iceandfire:ectoplasm":2,"minecraft:gunpowder":2,"minecraft:dirt":13,"minecraft:bone":7,"knightsnmages:scarlet_gem":8,"minecraft:raw_gold":22,"epicsamurai:aquamarine":5,"epicsamurai:raw_silver":3,"minecraft:iron_sword":1,"minecraft:pumpkin":8,"minecraft:gravel":2,"minecraft:sand":20,"dynamictrees:acacia_seed":8,"minecraft:mossy_cobblestone":2,"sons_of_sins:flesh_of_demise":1,"forbidden_arcanus:arcane_crystal":12,"eidolon:raw_lead":29,"minecraft:diamond":11,"minecraft:granite":56,"knightsnmages:moonlight_gem":2,"alexsmobs:maggot":1,"tombstone:magic_scroll":1,"epicsamurai:ruby":7,"minecraft:coal":62,"iceandfire:raw_silver":8},"minecraft:killed":{"minecraft:cod":2,"minecraft:skeleton":5,"eidolon:wraith":2,"minecraft:drowned":1,"minecraft:tropical_fish":1,"minecraft:bat":1,"gamma_beasts:careyatros_a":1,"minecraft:zombie":12,"sons_of_sins:betrayed_guzzler":1,"iceandfire:ghost":4,"eidolon:zombie_brute":1},"minecraft:used":{"minecraft:chest":2,"minecraft:shield":53,"minecraft:iron_sword":129,"minecraft:rotten_flesh":10,"minecraft:torch":121,"minecraft:dirt":11,"minecraft:tuff":1,"minecraft:granite":34,"alexsmobs:maggot":1,"minecraft:iron_axe":122,"minecraft:furnace":6,"minecraft:cooked_cod":10,"tombstone:gift":4,"minecraft:cobbled_deepslate":29,"minecraft:iron_leggings":1,"minecraft:acacia_boat":1,"minecraft:water_bucket":36,"minecraft:glass_bottle":93,"minecraft:stone_pickaxe":374,"minecraft:wooden_pickaxe":38,"minecraft:golden_apple":1,"minecraft:mossy_cobblestone":1,"minecraft:sand":2,"minecraft:crafting_table":11,"minecraft:mushroom_stew":25,"minecraft:shears":69,"minecraft:bread":5,"minecraft:iron_pickaxe":523,"dynamictrees:acacia_seed":1,"minecraft:gravel":2,"toughasnails:leaf_chestplate":1,"minecraft:stone_axe":114,"minecraft:wooden_sword":59,"minecraft:cobblestone":39,"minecraft:potion":92,"minecraft:andesite":91,"minecraft:bucket":37},"minecraft:broken":{"toughasnails:leaf_leggings":1,"minecraft:wooden_pickaxe":1,"minecraft:stone_pickaxe":2,"minecraft:wooden_sword":1,"minecraft:stone_axe":1,"minecraft:iron_pickaxe":1},"minecraft:dropped":{"crittersandcompanions:clam":1,"minecraft:mossy_cobblestone":1,"minecraft:glass_bottle":2,"gamma_beasts:coal_nugget":11,"minecraft:cobblestone":3,"minecraft:granite":2,"minecraft:stick":1,"minecraft:dirt":1,"toughasnails:leaf_boots":1,"toughasnails:leaf_helmet":1,"minecraft:sand":1,"dynamictrees:acacia_seed":7,"toughasnails:leaf_chestplate":1,"minecraft:cobbled_deepslate":5,"minecraft:tuff":1,"minecraft:rotten_flesh":7,"forbidden_arcanus:bat_wing":1,"minecraft:shears":1,"minecraft:arrow":1},"minecraft:custom":{"minecraft:mob_kills":33,"minecraft:interact_with_crafting_table":35,"minecraft:open_barrel":17,"minecraft:leave_game":8,"minecraft:time_since_death":38046,"minecraft:climb_one_cm":6132,"minecraft:sprint_one_cm":435141,"minecraft:walk_one_cm":344253,"minecraft:damage_blocked_by_shield":1696,"minecraft:drop":26,"minecraft:talked_to_villager":3,"minecraft:play_time":223064,"minecraft:sneak_time":3709,"minecraft:deaths":3,"minecraft:walk_under_water_one_cm":36318,"minecraft:jump":2677,"minecraft:interact_with_blast_furnace":2,"minecraft:walk_on_water_one_cm":130924,"minecraft:total_world_time":223064,"minecraft:interact_with_furnace":39,"minecraft:interact_with_cartography_table":1,"minecraft:interact_with_loom":5,"minecraft:sleep_in_bed":2,"minecraft:time_since_rest":37366,"minecraft:damage_taken":3216,"minecraft:damage_absorbed":42,"minecraft:damage_dealt":14500,"minecraft:swim_one_cm":23860,"minecraft:fly_one_cm":439391,"minecraft:open_chest":23,"minecraft:crouch_one_cm":5668,"tombstone:undead_killed":25,"minecraft:fall_one_cm":47027},"minecraft:crafted":{"minecraft:wooden_sword":1,"minecraft:coal":18,"minecraft:furnace":1,"toughasnails:leaf_leggings":2,"minecraft:glass":17,"minecraft:iron_axe":1,"minecraft:stone_pickaxe":3,"minecraft:chest":2,"toughasnails:leaf_helmet":2,"eidolon:silver_ingot":7,"minecraft:glass_bottle":3,"minecraft:cooked_cod":8,"toughasnails:leaf_boots":2,"minecraft:crafting_table":1,"toughasnails:leaf_chestplate":2,"minecraft:wooden_pickaxe":1,"minecraft:iron_sword":1,"minecraft:bowl":20,"minecraft:bucket":1,"minecraft:stone_axe":2,"minecraft:acacia_boat":1,"minecraft:bread":4,"minecraft:air":0,"iceandfire:armor_silver_metal_helmet":1,"minecraft:shield":1,"minecraft:stick":12,"minecraft:iron_ingot":23,"minecraft:iron_pickaxe":1,"minecraft:iron_leggings":1,"minecraft:acacia_planks":60,"minecraft:torch":72,"minecraft:shears":1}},"DataVersion":3465}