{"stats":{"minecraft:crafted":{"minecraft:glass_bottle":3,"minecraft:crafting_table":1,"minecraft:spruce_planks":72,"minecraft:bread":90,"minecraft:air":0,"minecraft:glass":3,"minecraft:iron_axe":1,"minecraft:iron_ingot":11,"minecraft:wooden_axe":1,"minecraft:wheat":257},"minecraft:killed":{"minecraft:sheep":1,"minecraft:pillager":4},"minecraft:dropped":{"minecraft:golden_chestplate":1,"minecraft:glass_bottle":1,"minecraft:lantern":1,"delightful:green_tea_leaf":3,"dynamictrees:spruce_seed":4,"minecraft:wooden_axe":1,"minecraft:oak_sapling":6,"minecraft:chainmail_boots":1,"minecraft:potion":2,"minecraft:iron_leggings":1,"minecraft:iron_bars":2,"minecraft:raw_gold":9,"minecraft:paper":1},"minecraft:picked_up":{"minecraft:wheat":12,"minecraft:crafting_table":1,"minecraft:leather":2,"dynamictrees:spruce_seed":4,"minecraft:potion":1,"minecraft:dirt":3,"minecraft:string":4,"minecraft:blue_bed":1,"minecraft:paper":1,"minecraft:lantern":2,"minecraft:cooked_mutton":1,"minecraft:item_frame":8,"minecraft:white_carpet":1,"minecraft:experience_bottle":1,"butchersdelight:dead_cow":1,"minecraft:raw_gold":18,"minecraft:iron_ingot":5,"minecraft:poppy":1,"minecraft:glass_bottle":1,"delightful:green_tea_leaf":5,"minecraft:stick":13,"minecraft:raw_iron":11,"minecraft:sand":3,"minecraft:spruce_log":18,"minecraft:hay_block":30,"gamma_beasts:coal_nugget":3,"minecraft:emerald":5,"minecraft:bread":2,"minecraft:oak_sapling":3,"minecraft:light_gray_carpet":1,"minecraft:coal":20,"minecraft:iron_bars":2},"minecraft:custom":{"minecraft:interact_with_furnace":17,"minecraft:mob_kills":5,"tombstone:raider_killed":4,"minecraft:interact_with_crafting_table":6,"minecraft:leave_game":1,"minecraft:time_since_death":32348,"minecraft:climb_one_cm":2774,"minecraft:time_since_rest":31795,"minecraft:sprint_one_cm":152198,"minecraft:damage_taken":1983,"minecraft:walk_one_cm":119927,"minecraft:drop":17,"minecraft:damage_dealt":1436,"minecraft:talked_to_villager":1,"minecraft:fly_one_cm":203053,"minecraft:open_chest":10,"minecraft:crouch_one_cm":114,"minecraft:play_time":58327,"minecraft:deaths":6,"minecraft:sneak_time":80,"minecraft:jump":736,"minecraft:interact_with_brewingstand":1,"minecraft:walk_on_water_one_cm":56,"minecraft:total_world_time":58327,"minecraft:fall_one_cm":15216},"minecraft:used":{"minecraft:cooked_mutton":1,"minecraft:glass_bottle":13,"minecraft:poppy":1,"minecraft:light_gray_carpet":1,"minecraft:iron_sword":26,"minecraft:dirt":1,"minecraft:crafting_table":2,"minecraft:golden_chestplate":1,"minecraft:wooden_axe":2,"minecraft:bread":7,"minecraft:iron_pickaxe":43,"minecraft:golden_helmet":1,"minecraft:item_frame":6,"minecraft:potion":11,"minecraft:chainmail_boots":1,"minecraft:experience_bottle":1},"minecraft:mined":{"minecraft:crafting_table":1,"minecraft:grass_block":2,"minecraft:white_stained_glass":2,"minecraft:hay_block":30,"minecraft:iron_ore":11,"minecraft:white_carpet":1,"minecraft:coal_ore":20,"minecraft:iron_bars":2,"minecraft:sand":3,"minecraft:dirt":1,"minecraft:gold_ore":9}},"DataVersion":3465}