{"stats":{"minecraft:broken":{"toughasnails:leaf_boots":1,"minecraft:stone_pickaxe":2,"minecraft:wooden_sword":1,"minecraft:stone_axe":1,"minecraft:iron_sword":1,"eidolon:silver_sword":1,"toughasnails:leaf_leggings":2,"toughasnails:water_canteen":9,"minecraft:wooden_pickaxe":1,"minecraft:shield":1,"minecraft:iron_axe":1,"minecraft:iron_pickaxe":1,"toughasnails:purified_water_canteen":4,"toughasnails:leaf_helmet":2},"minecraft:killed_by":{"irons_spellbooks:summoned_zombie":1,"minecraft:drowned":1},"minecraft:custom":{"minecraft:animals_bred":11,"minecraft:interact_with_crafting_table":80,"minecraft:open_barrel":43,"goblintraders:trade_with_goblin":25,"minecraft:eat_cake_slice":2,"minecraft:leave_game":15,"minecraft:time_since_death":0,"minecraft:sprint_one_cm":1572788,"minecraft:damage_blocked_by_shield":3338,"minecraft:drop":144,"minecraft:talked_to_villager":3,"minecraft:play_time":593798,"minecraft:deaths":10,"minecraft:jump":7497,"minecraft:interact_with_brewingstand":1,"minecraft:walk_on_water_one_cm":177902,"minecraft:interact_with_furnace":65,"minecraft:interact_with_cartography_table":2,"minecraft:interact_with_loom":5,"minecraft:sleep_in_bed":21,"minecraft:waystone_activated":4,"minecraft:damage_dealt":35368,"minecraft:crouch_one_cm":17619,"tombstone:undead_killed":48,"minecraft:interact_with_smoker":1,"minecraft:interact_with_smithing_table":1,"minecraft:interact_with_anvil":1,"minecraft:mob_kills":66,"minecraft:climb_one_cm":9318,"minecraft:walk_one_cm":794598,"minecraft:sneak_time":10754,"minecraft:walk_under_water_one_cm":55430,"minecraft:interact_with_blast_furnace":2,"minecraft:total_world_time":593798,"minecraft:tune_noteblock":9,"minecraft:time_since_rest":41389,"minecraft:damage_taken":8438,"minecraft:damage_absorbed":52,"tombstone:cast_on_ally":0,"minecraft:swim_one_cm":65718,"minecraft:fly_one_cm":1202820,"minecraft:open_chest":173,"minecraft:fall_one_cm":169290},"minecraft:picked_up":{"gamma_beasts:thin_oak_log":11,"minecraft:wheat":1,"butchersdelightfoods:legcow":1,"minecraft:flower_pot":1,"gamma_beasts:fur":5,"minecraft:oak_stairs":2,"minecraft:brown_bed":1,"minecraft:enchanted_book":1,"minecraft:potion":1,"forbidden_arcanus:xpetrified_orb":2,"minecraft:string":11,"minecraft:smooth_stone_slab":4,"minecraft:oak_sign":2,"minecraft:cobbled_deepslate":132,"rpgsmw:rawmiphrilignot":15,"dynamictrees:oak_seed":3,"delightful:green_tea_leaf":3,"minecraft:coal_block":2,"minecraft:furnace":7,"minecraft:stick":31,"minecraft:oak_fence":6,"minecraft:torch":89,"minecraft:acacia_log":16,"tombstone:grave_dust":9,"minecraft:pointed_dripstone":1,"minecraft:diorite":17,"minecraft:brown_carpet":1,"eidolon:silver_sword":1,"minecraft:rotten_flesh":43,"farmersdelight:onion":6,"iceandfire:fire_dragon_heart":1,"gamma_beasts:coal_nugget":45,"rpgsmw:edmantium":2,"minecraft:cod":2,"minecraft:cobblestone":423,"butchersdelightfoods:beeftenderloin":1,"eidolon:raw_silver":29,"minecraft:water_bucket":1,"minecraft:andesite":91,"minecraft:acacia_leaves":67,"gamma_beasts:prehnite":35,"minecraft:tuff":8,"gamma_beasts:oak_leaf":27,"minecraft:lapis_lazuli":121,"minecraft:dirt":118,"iceandfire:dragonscales_bronze":10,"minecraft:lantern":3,"minecraft:glass":14,"minecraft:bone":14,"minecraft:bow":1,"minecraft:wheat_seeds":28,"knightsnmages:scarlet_gem":23,"minecraft:raw_gold":38,"forbidden_arcanus:rune":1,"minecraft:bamboo":1,"epicsamurai:raw_silver":7,"minecraft:oak_planks":1,"butchersdelight:skullcow":1,"butchersdelight:cow_hide":1,"iceandfire:dragon_skull_fire":1,"minecraft:sand":53,"dynamictrees:acacia_seed":8,"butchersdelightfoods:beefribs":1,"minecraft:mossy_cobblestone":2,"sons_of_sins:flesh_of_demise":4,"minecraft:spruce_fence_gate":3,"eidolon:raw_lead":33,"minecraft:diamond":12,"waystones:waystone":2,"minecraft:granite":60,"minecraft:emerald":1,"alexsmobs:maggot":1,"epicsamurai:ruby":12,"iceandfire:raw_silver":18,"minecraft:oak_leaves":33,"minecraft:crafting_table":10,"minecraft:allium":6,"minecraft:brown_mushroom":17,"minecraft:wooden_pickaxe":1,"gamma_beasts:cooked_meat":2,"minecraft:stone_brick_wall":17,"minecraft:diamond_horse_armor":1,"epicsamurai:jade":10,"minecraft:item_frame":1,"butchersdelight:dead_cow":1,"knightsnmages:citrin_gem":24,"minecraft:beef":1,"minecraft:sugar_cane":2,"crittersandcompanions:clam":4,"minecraft:raw_iron":69,"forbidden_arcanus:bat_wing":1,"iceandfire:dragonbone":7,"minecraft:bowl":4,"minecraft:spruce_fence":31,"minecraft:redstone":63,"minecraft:arrow":13,"minecraft:decorated_pot":2,"rpgsmw:pinarium":1,"minecraft:shears":1,"minecraft:hay_block":181,"forbidden_arcanus:spawner_scrap":1,"minecraft:white_wool":26,"minecraft:stripped_oak_log":5,"iceandfire:silver_axe":2,"minecraft:leather":3,"minecraft:mushroom_stew":10,"gamma_beasts:green_apple":21,"minecraft:oak_log":55,"iceandfire:ectoplasm":2,"minecraft:gunpowder":2,"butchersdelight:rack":1,"gamma_beasts:meat":2,"epicsamurai:aquamarine":5,"minecraft:iron_sword":3,"iceandfire:fire_dragon_flesh":8,"toughasnails:leaf_chestplate":1,"minecraft:scaffolding":1,"minecraft:pumpkin":8,"iceandfire:ash":2,"minecraft:dripstone_block":3,"minecraft:torchflower_seeds":1,"minecraft:gravel":3,"minecraft:white_bed":1,"minecraft:spider_eye":3,"forbidden_arcanus:arcane_crystal":24,"knightsnmages:moonlight_gem":2,"tombstone:magic_scroll":3,"minecraft:coal":127},"minecraft:crafted":{"minecraft:oak_planks":262,"toughasnails:leaf_leggings":4,"butchersdelight:rack":1,"minecraft:glass":41,"minecraft:chest":6,"toughasnails:leaf_helmet":3,"minecraft:oak_button":1,"eidolon:silver_ingot":26,"minecraft:oak_fence":27,"iceandfire:silver_axe":1,"minecraft:glass_bottle":3,"toughasnails:leaf_boots":3,"minecraft:crafting_table":4,"minecraft:wooden_pickaxe":1,"travelersbackpack:standard":1,"eidolon:silver_shovel":1,"butchersdelight:cleaver":1,"eidolon:lead_ingot":24,"minecraft:diamond_pickaxe":1,"toughasnails:water_purifier":1,"minecraft:shield":2,"minecraft:stick":48,"minecraft:iron_ingot":79,"minecraft:iron_pickaxe":1,"minecraft:gold_ingot":25,"iceandfire:armor_bronze_helmet":1,"minecraft:shears":2,"toughasnails:empty_canteen":1,"minecraft:wooden_sword":1,"minecraft:coal":18,"minecraft:iron_nugget":45,"minecraft:furnace":2,"travelersbackpack:white_sleeping_bag":1,"minecraft:leather":7,"minecraft:iron_axe":1,"butchersdelight:roaster":1,"minecraft:stone_pickaxe":3,"minecraft:wheat":588,"minecraft:cooked_cod":8,"butchersdelight:hook":7,"toughasnails:leaf_chestplate":3,"iceandfire:armor_bronze_boots":1,"travelersbackpack:backpack_tank":2,"minecraft:iron_sword":1,"minecraft:bowl":44,"minecraft:bucket":1,"minecraft:stone_axe":2,"minecraft:bread":101,"minecraft:acacia_boat":1,"minecraft:air":0,"minecraft:oak_boat":3,"iceandfire:armor_silver_metal_helmet":1,"minecraft:iron_leggings":1,"minecraft:acacia_planks":64,"minecraft:torch":88,"eidolon:silver_sword":2},"minecraft:killed":{"minecraft:cave_spider":5,"minecraft:cod":2,"minecraft:skeleton":10,"irons_spellbooks:summoned_skeleton":1,"minecraft:tropical_fish":1,"gamma_beasts:careyatros_a":2,"irons_spellbooks:necromancer":1,"minecraft:zombie":23,"eidolon:zombie_brute":1,"irons_spellbooks:summoned_zombie":1,"eidolon:wraith":2,"minecraft:drowned":5,"minecraft:bat":1,"gamma_beasts:careyatros_c":1,"sons_of_sins:betrayed_guzzler":4,"iceandfire:ghost":4},"minecraft:mined":{"minecraft:white_bed":1,"gamma_beasts:roble_hoja_1":19,"minecraft:cobbled_deepslate_stairs":1,"minecraft:granite":59,"minecraft:grass_block":63,"minecraft:stone_brick_wall":20,"minecraft:coal_block":2,"knightsnmages:deepslate_citrin_ore":24,"minecraft:spawner":2,"epicsamurai:deepslate_jade_ore":10,"minecraft:iron_ore":45,"minecraft:fire":15,"minecraft:cobbled_deepslate":12,"minecraft:pumpkin":8,"minecraft:deepslate_lapis_ore":20,"minecraft:brown_bed":1,"minecraft:oak_stairs":2,"epicsamurai:deepslate_silver_ore":7,"knightsnmages:deepslate_moonlight_ore":2,"minecraft:tripwire":1,"minecraft:deepslate_redstone_ore":14,"minecraft:torch":26,"knightsnmages:deepslate_scarlet_ore":15,"minecraft:mushroom_stem":6,"minecraft:cobblestone":34,"minecraft:sugar_cane":1,"minecraft:oak_planks":2,"minecraft:wall_torch":46,"minecraft:pink_petals":1,"eidolon:deep_lead_ore":31,"minecraft:smooth_stone_slab":3,"minecraft:grass":71,"minecraft:oak_log":45,"minecraft:sand":52,"minecraft:dirt":39,"minecraft:smooth_basalt":5,"minecraft:oak_leaves":1,"minecraft:deepslate":135,"minecraft:tuff":14,"eidolon:deep_silver_ore":29,"rpgsmw:miphrildeepslateore":4,"iceandfire:silver_ore":16,"minecraft:mossy_cobblestone":1,"minecraft:deepslate_diamond_ore":12,"butchersdelight:rack":1,"gamma_beasts:roblo_hoja":6,"minecraft:glow_lichen":1,"epicsamurai:deepslate_ruby_ore":12,"minecraft:spruce_fence":21,"minecraft:decorated_pot":5,"iceandfire:deepslate_silver_ore":2,"minecraft:brown_mushroom_block":45,"minecraft:potted_bamboo":1,"minecraft:hay_block":156,"dynamictrees:oak_leaves":34,"minecraft:oak_trapdoor":1,"forbidden_arcanus:deepslate_arcane_crystal_ore":24,"minecraft:furnace":7,"gamma_beasts:prehnite_ore":8,"minecraft:andesite":100,"knightsnmages:scarlet_ore":8,"minecraft:deepslate_iron_ore":25,"minecraft:rail":1,"minecraft:lantern":1,"minecraft:stripped_oak_log":5,"minecraft:stone":390,"minecraft:oak_slab":1,"minecraft:scaffolding":1,"minecraft:dandelion":1,"minecraft:oak_fence":7,"epicsamurai:deepslate_aquamarine_ore":5,"minecraft:crafting_table":10,"dynamictrees:acacia_leaves":69,"minecraft:tall_grass":10,"minecraft:deepslate_gold_ore":38,"minecraft:sculk":13,"minecraft:diorite":25,"gamma_beasts:deepslate_prehnite_ore":28,"rpgsmw:mineral_ore":3,"forbidden_arcanus:xpetrified_ore":2,"gamma_beasts:thin_oak_log":11,"minecraft:coal_ore":72,"minecraft:mycelium":2,"minecraft:gravel":9,"minecraft:spruce_fence_gate":4,"forbidden_arcanus:runic_deepslate":1},"minecraft:used":{"minecraft:oak_sign":2,"minecraft:decorated_pot":2,"minecraft:chest":5,"minecraft:shield":84,"butchersdelight:hook":7,"minecraft:iron_sword":251,"minecraft:rotten_flesh":10,"minecraft:allium":6,"minecraft:tuff":2,"minecraft:lantern":3,"minecraft:furnace":7,"minecraft:cooked_cod":10,"forbidden_arcanus:edelwood_bucket":1,"eidolon:silver_shovel":112,"minecraft:stone_pickaxe":374,"minecraft:oak_planks":10,"minecraft:wooden_pickaxe":38,"toughasnails:water_canteen":92,"butchersdelight:skullcow":1,"minecraft:golden_apple":1,"minecraft:sand":2,"minecraft:mushroom_stew":70,"iceandfire:silver_axe":144,"minecraft:shears":103,"waystones:waystone":2,"minecraft:bread":44,"minecraft:string":6,"dynamictrees:acacia_seed":1,"minecraft:gravel":2,"minecraft:fire_charge":1,"minecraft:wooden_sword":59,"iceandfire:dragon_skull_fire":1,"forbidden_arcanus:splash_aureal_bottle":2,"minecraft:andesite":91,"minecraft:smooth_stone_slab":4,"minecraft:oak_boat":3,"minecraft:air":3,"minecraft:experience_bottle":15,"minecraft:oak_fence":24,"minecraft:trident":95,"toughasnails:water_purifier":1,"tombstone:scroll_of_frost_resistance":1,"dynamictrees:oak_seed":3,"minecraft:torch":193,"minecraft:dirt":103,"toughasnails:empty_canteen":14,"minecraft:spruce_fence":9,"minecraft:granite":34,"eidolon:silver_sword":367,"alexsmobs:maggot":1,"minecraft:iron_axe":154,"tombstone:gift":6,"minecraft:cobbled_deepslate":95,"minecraft:iron_leggings":1,"minecraft:brown_bed":1,"minecraft:acacia_boat":1,"minecraft:water_bucket":137,"minecraft:glass_bottle":147,"forbidden_arcanus:edelwood_water_bucket":1,"minecraft:mossy_cobblestone":1,"minecraft:crafting_table":14,"minecraft:white_bed":1,"tombstone:bag_of_seeds":2,"minecraft:diamond_pickaxe":100,"minecraft:oak_button":1,"minecraft:iron_pickaxe":859,"tombstone:magic_scroll":1,"forbidden_arcanus:aureal_bottle":2,"iceandfire:ash":1,"toughasnails:leaf_chestplate":1,"minecraft:stone_axe":114,"minecraft:cobblestone":139,"minecraft:potion":147,"travelersbackpack:standard":3,"toughasnails:purified_water_bottle":1,"toughasnails:purified_water_canteen":31,"minecraft:bucket":137,"butchersdelight:rack":2},"minecraft:dropped":{"minecraft:iron_sword":1,"crittersandcompanions:clam":3,"iceandfire:silver_axe":1,"minecraft:glass_bottle":2,"minecraft:item_frame":1,"minecraft:dirt":14,"farmersdelight:onion":6,"minecraft:sand":1,"sons_of_sins:flesh_of_demise":2,"minecraft:gravel":1,"minecraft:cobbled_deepslate":17,"minecraft:pointed_dripstone":1,"minecraft:rotten_flesh":38,"minecraft:oak_planks":10,"minecraft:stone_brick_wall":17,"minecraft:arrow":1,"minecraft:scaffolding":1,"minecraft:oak_leaves":2,"farmersdelight:tomato_seeds":2,"minecraft:water_bucket":1,"minecraft:wheat_seeds":32,"eidolon:silver_sword":1,"minecraft:mossy_cobblestone":1,"gamma_beasts:coal_nugget":35,"minecraft:dripstone_block":3,"minecraft:cobblestone":57,"delightful:green_tea_leaf":2,"minecraft:granite":6,"minecraft:mushroom_stew":10,"minecraft:stick":3,"minecraft:spruce_fence_gate":3,"minecraft:diamond_horse_armor":1,"minecraft:torch":1,"toughasnails:leaf_boots":1,"tombstone:grave_dust":11,"minecraft:potion":1,"minecraft:oak_stairs":2,"toughasnails:leaf_helmet":1,"toughasnails:leaf_leggings":2,"minecraft:string":5,"dynamictrees:acacia_seed":7,"toughasnails:leaf_chestplate":1,"minecraft:bowl":18,"minecraft:tuff":6,"farmersdelight:cabbage_seeds":2,"minecraft:tall_grass":2,"minecraft:spruce_fence":11,"forbidden_arcanus:bat_wing":1,"minecraft:shears":1,"minecraft:flower_pot":1,"minecraft:spider_eye":3,"minecraft:brown_carpet":1,"minecraft:bamboo":1}},"DataVersion":3465}