{"stats":{"minecraft:killed":{"illagerinvasion:archivist":6,"illagerinvasion:basher":4,"minecraft:skeleton":66,"alexsmobs:leafcutter_ant":4,"alexsmobs:straddler":1,"creeperoverhaul:cave_creeper":2,"alexsmobs:centipede_head":1,"minecraft:magma_cube":14,"stalwart_dungeons:giddy_blaze":27,"minecraft:pillager":11,"minecraft:zombie":44,"gamma_beasts:spider_a":2,"iceandfire:sea_serpent":1,"minecraft:evoker":2,"minecraft:vindicator":10,"illagerinvasion:marauder":9,"alexsmobs:seagull":2,"minecraft:horse":2,"eidolon:wraith":10,"epicsamurai:oni":1,"stalwart_dungeons:nether_wart_cocoon":8,"graveyard:ghoul":2,"iceandfire:cyclops":2,"endermanoverhaul:cave_enderman":1,"iceandfire:ghost":9,"iceandfire:ice_dragon":2,"minecraft:enderman":1,"minecraft:zombified_piglin":2,"minecraft:witch":3,"graveyard:skeleton_creeper":3,"minecraft:spider":14,"illagerinvasion:provoker":2,"minecraft:illusioner":1,"irons_spellbooks:summoned_skeleton":6,"gamma_beasts:diamond_golem_c":4,"minecraft:piglin":3,"minecraft:zombie_villager":1,"epicsamurai:kitsune":1,"alexsmobs:stradpole":3,"endermanoverhaul:nether_wastes_enderman":2,"irons_spellbooks:necromancer":3,"illagerinvasion:alchemist":3,"minecraft:creeper":6,"alexsmobs:crimson_mosquito":4,"minecraft:ghast":3,"eidolon:zombie_brute":5,"alexsmobs:fly":1,"iceandfire:pixie":2,"crittersandcompanions:koi_fish":1,"minecraft:blaze":23,"alexsmobs:dropbear":1,"minecraft:vex":2,"irons_spellbooks:summoned_zombie":7,"epicsamurai:onibi":3,"gamma_beasts:spider_c":2,"minecraft:drowned":6,"naturalist:butterfly":1,"minecraft:bat":1,"gamma_beasts:diamond_golem_a":4,"sons_of_sins:betrayed_guzzler":1,"ars_nouveau:whirlisprig":1,"minecraft:wither_skeleton":19},"minecraft:broken":{"toughasnails:leaf_chestplate":4,"minecraft:shears":1,"minecraft:iron_boots":1,"minecraft:iron_chestplate":1,"minecraft:iron_leggings":2,"iceandfire:armor_bronze_boots":1,"minecraft:diamond_pickaxe":1,"iceandfire:armor_bronze_helmet":1,"iceandfire:silver_shovel":5,"minecraft:bow":1,"eidolon:silver_helmet":1,"toughasnails:water_canteen":100,"epicsamurai:red_samurai_boots_light":1,"epicsamurai:red_samurai_helmet_light":1,"minecraft:iron_axe":1,"toughasnails:purified_water_canteen":87,"toughasnails:leaf_helmet":2,"iceandfire:silver_axe":2,"rpgsmw:miphril_shovel":1,"toughasnails:leaf_boots":1,"eidolon:silver_sword":2,"toughasnails:leaf_leggings":3,"iceandfire:armor_silver_boots":1,"eidolon:silver_chestplate":2,"iceandfire:armor_silver_helmet":1,"eidolon:silver_shovel":1},"minecraft:crafted":{"epicsamurai:silver_ingot":109,"minecraft:blaze_powder":4,"iceandfire:silver_shovel":5,"rpgsmw:red_fabric":8,"minecraft:lever":12,"travelersbackpack:diamond":1,"minecraft:bookshelf":24,"butchersdelightfoods:cooked_leg_cow":113,"minecraft:glass":203,"eidolon:silver_chestplate":2,"rpgsmw:steelrainforcedstick":8,"eidolon:silver_helmet":1,"iceandfire:silver_axe":1,"epicsamurai:red_samurai_chestplate_light":1,"minecraft:glass_bottle":63,"toms_storage:ts.crafting_terminal":1,"minecraft:emerald":809,"minecraft:cooked_porkchop":11,"rpgsmw:miphrilignot":54,"minecraft:fletching_table":8,"minecraft:campfire":39,"minecraft:lectern":3,"minecraft:iron_block":3,"minecraft:gold_ingot":303,"minecraft:composter":1,"minecraft:spruce_fence_gate":31,"rpgsmw:paladin_diamond_armor_helmet":1,"minecraft:bone_meal":234,"minecraft:spruce_fence":78,"butchersdelightfoods:cookedbeefribs":113,"minecraft:diamond":9,"minecraft:spruce_stairs":180,"epicsamurai:red_samurai_leggings_light":1,"rpgsmw:miphril_pickaxe":2,"minecraft:ender_pearl":55,"minecraft:stone_pickaxe":2,"minecraft:spruce_boat":1,"toms_storage:ts.inventory_connector":1,"minecraft:dark_oak_planks":96,"minecraft:wheat":981,"minecraft:enchanting_table":1,"rpgsmw:steel":16,"minecraft:acacia_trapdoor":8,"minecraft:glowstone":18,"minecraft:enchanted_book":16,"butchersdelightfoods:coockedbeeftenderloin":115,"minecraft:golden_apple":18,"minecraft:fermented_spider_eye":5,"minecraft:oak_stairs":76,"eidolon:silver_sword":2,"minecraft:oak_planks":2670,"rpgsmw:paladin_diamond_armor_chestplate":1,"iceandfire:armor_silver_boots":2,"minecraft:melon_slice":9,"butchersdelightfoods:cooked_ham":3,"minecraft:stone":717,"toughasnails:leaf_leggings":6,"minecraft:stone_brick_slab":22,"minecraft:bow":1,"improvableskills:skills_book":1,"iceandfire:armor_silver_metal_leggings":1,"tombstone:grave_key":14,"butchersdelightfoods:cookedporkribs":3,"toms_storage:ts.storage_terminal":1,"minecraft:comparator":3,"minecraft:chest":355,"toughasnails:leaf_helmet":2,"eidolon:silver_ingot":45,"minecraft:stone_bricks":24,"epicsamurai:red_samurai_boots_light":1,"toughasnails:leaf_boots":2,"minecraft:oak_slab":84,"minecraft:arrow":384,"minecraft:crafting_table":15,"minecraft:spruce_planks":1254,"minecraft:wooden_pickaxe":5,"minecraft:red_wool":7,"minecraft:gold_block":10,"butchersdelight:cleaver":2,"minecraft:birch_planks":84,"iceandfire:dragonbone_bow":1,"minecraft:spruce_trapdoor":20,"eidolon:lead_ingot":80,"minecraft:paper":3,"minecraft:charcoal":31,"rpgsmw:miphril_shovel":1,"minecraft:stick":488,"minecraft:iron_ingot":203,"minecraft:redstone_torch":9,"minecraft:dark_oak_fence_gate":14,"rpgsmw:miphrilblock":1,"toughasnails:empty_canteen":5,"minecraft:cherry_planks":96,"minecraft:coal":108,"minecraft:raw_iron":18,"minecraft:redstone":90,"simplyswords:diamond_greathammer":1,"minecraft:spruce_button":16,"minecraft:piston":12,"rpgsmw:paladin_diamond_armor_leggings":1,"minecraft:glass_pane":32,"minecraft:oak_trapdoor":6,"minecraft:flint_and_steel":1,"minecraft:leather":2,"relics:researching_table":1,"minecraft:cobblestone_wall":6,"minecraft:cooked_beef":118,"minecraft:sugar":5,"minecraft:red_dye":10,"rpgsmw:miphril_axe":1,"iceandfire:silver_ingot":20,"toughasnails:leaf_chestplate":5,"minecraft:stone_axe":1,"minecraft:air":0,"minecraft:acacia_boat":7,"minecraft:bread":284,"minecraft:jungle_planks":512,"minecraft:oak_boat":5,"rpgsmw:paladin_diamond_armor_boots":1,"epicsamurai:red_samurai_helmet_light":1,"gamma_beasts:palm_tree_planks":8,"rpgsmw:miphril_greatsword":1,"minecraft:stonecutter":1,"minecraft:anvil":1,"minecraft:acacia_planks":218,"minecraft:torch":104,"butchersdelightfoods:cookedporkloin":3,"minecraft:lapis_lazuli":27,"iceandfire:armor_silver_helmet":1,"eidolon:basic_belt":1},"minecraft:custom":{"minecraft:interact_with_crafting_table":208,"minecraft:open_barrel":69,"goblintraders:trade_with_goblin":37,"minecraft:eat_cake_slice":16,"minecraft:leave_game":41,"minecraft:time_since_death":196291,"minecraft:damage_blocked_by_shield":545,"minecraft:deaths":85,"minecraft:play_time":3517616,"minecraft:jump":45785,"minecraft:enchant_item":10,"minecraft:interact_with_furnace":322,"minecraft:traded_with_villager":912,"minecraft:sleep_in_bed":217,"minecraft:waystone_activated":6,"minecraft:damage_dealt":153874,"tombstone:undead_killed":183,"minecraft:interact_with_smithing_table":1,"minecraft:interact_with_anvil":32,"minecraft:sneak_time":111440,"minecraft:interact_with_lectern":1,"minecraft:total_world_time":3517616,"tombstone:raider_killed":52,"minecraft:interact_with_stonecutter":19,"minecraft:time_since_rest":4425,"tombstone:cast_on_ally":0,"minecraft:swim_one_cm":278964,"minecraft:fly_one_cm":9870839,"minecraft:open_chest":1335,"minecraft:fall_one_cm":1111905,"minecraft:animals_bred":149,"minecraft:damage_resisted":99,"minecraft:sprint_one_cm":12012929,"minecraft:drop":793,"minecraft:talked_to_villager":807,"minecraft:interact_with_brewingstand":36,"minecraft:walk_on_water_one_cm":382537,"minecraft:interact_with_loom":1,"minecraft:crouch_one_cm":228039,"minecraft:mob_kills":405,"minecraft:interact_with_campfire":13,"minecraft:climb_one_cm":36752,"minecraft:walk_one_cm":4849937,"minecraft:walk_under_water_one_cm":113669,"minecraft:pot_flower":1,"minecraft:damage_taken":50152,"minecraft:damage_absorbed":159,"minecraft:trigger_trapped_chest":8},"minecraft:mined":{"minecraft:dark_oak_planks":6,"minecraft:polished_granite_slab":1,"minecraft:white_bed":14,"alexsmobs:leafcutter_anthill":1,"gamma_beasts:spider_egg":2,"minecraft:red_nether_bricks":33,"minecraft:obsidian":16,"minecraft:granite":54,"epicsamurai:silver_ore":8,"minecraft:yellow_carpet":1,"minecraft:coal_block":3,"minecraft:nether_wart":184,"minecraft:chiseled_stone_bricks":3,"minecraft:spawner":2,"epicsamurai:deepslate_jade_ore":34,"minecraft:magma_block":3,"minecraft:cobbled_deepslate":83,"minecraft:fire":45,"minecraft:moss_carpet":11,"minecraft:deepslate_lapis_ore":9,"minecraft:fletching_table":14,"toms_storage:ts.inventory_connector":1,"minecraft:cave_vines":1,"iceandfire:gold_pile":1,"minecraft:dirt_path":105,"minecraft:oak_stairs":5,"minecraft:green_carpet":1,"minecraft:brown_mushroom":36,"minecraft:crimson_nylium":10,"minecraft:torch":74,"irons_spellbooks:arcane_debris":1,"minecraft:dead_bush":1,"celestisynth:wintereis":1,"gamma_beasts:thin_spruce_log":11,"minecraft:glass":1,"minecraft:white_candle":1,"minecraft:sugar_cane":40,"travelersbackpack:diamond":24,"forbidden_arcanus:darkstone":18,"minecraft:mud":1,"gamma_beasts:palm_tree_log":2,"minecraft:wither_rose":1,"minecraft:stone_brick_stairs":13,"minecraft:grass":423,"delightful:mini_melon":3,"minecraft:loom":1,"minecraft:smooth_basalt":3,"minecraft:stonecutter":3,"toms_storage:ts.crafting_terminal":1,"minecraft:piston":10,"minecraft:deepslate":1845,"minecraft:deepslate_tiles":1,"geore:small_coal_bud":1,"eidolon:deep_silver_ore":13,"iceandfire:silver_ore":4,"minecraft:mossy_cobblestone":15,"epicsamurai:deepslate_onyx_ore":10,"farmersdelight:wild_carrots":1,"minecraft:nether_bricks":75,"minecraft:dark_oak_fence":22,"minecraft:spruce_fence":1,"minecraft:crimson_roots":1,"iceandfire:deepslate_silver_ore":1,"minecraft:cherry_wood":3,"minecraft:moss_block":1,"farmersdelight:wild_onions":2,"dynamictrees:oak_leaves":150,"forbidden_arcanus:deepslate_arcane_crystal_ore":24,"minecraft:acacia_trapdoor":13,"minecraft:andesite":132,"knightsnmages:scarlet_ore":2,"dynamictrees:spruce_leaves":33,"minecraft:cobblestone_slab":2,"minecraft:vine":8,"forbidden_arcanus:carved_edelwood_log":3,"minecraft:oak_slab":2,"minecraft:soul_sand":24,"toughasnails:water_purifier":1,"minecraft:stone_brick_slab":12,"minecraft:dandelion":11,"minecraft:cornflower":2,"minecraft:cobbled_deepslate_wall":1,"minecraft:spruce_button":1,"dynamictrees:acacia_leaves":1,"minecraft:campfire":4,"minecraft:tall_grass":48,"minecraft:copper_ore":4,"minecraft:deepslate_gold_ore":48,"minecraft:diorite":31,"minecraft:coarse_dirt":3,"minecraft:stripped_spruce_wood":1,"minecraft:cobblestone_wall":2,"minecraft:spruce_log":4,"minecraft:gravel":284,"minecraft:sunflower":1,"minecraft:cobweb":30,"minecraft:brown_terracotta":6,"minecraft:acacia_planks":2,"minecraft:spruce_fence_gate":1,"minecraft:stone_bricks":232,"minecraft:fern":2,"minecraft:spruce_planks":118,"gamma_beasts:roble_hoja_1":16,"minecraft:farmland":1,"gamma_beasts:thin_acacia_log":23,"minecraft:brewing_stand":7,"minecraft:cave_vines_plant":1,"cataclysm:stone_pillar":21,"minecraft:grass_block":2533,"knightsnmages:deepslate_citrin_ore":17,"minecraft:composter":1,"minecraft:raw_iron_block":1,"minecraft:glowstone":26,"minecraft:iron_ore":33,"minecraft:anvil":4,"minecraft:azure_bluet":1,"epicsamurai:deepslate_silver_ore":52,"dynamictrees:crimson_wart":3,"minecraft:azalea":1,"knightsnmages:deepslate_moonlight_ore":23,"minecraft:green_bed":40,"eidolon:lead_ore":13,"minecraft:deepslate_redstone_ore":6,"minecraft:blackstone":3,"minecraft:magenta_wall_banner":1,"stalwart_dungeons:transient_block_close":7,"minecraft:orange_terracotta":2,"iceandfire:dragon_ice_spikes":171,"knightsnmages:deepslate_scarlet_ore":10,"minecraft:calcite":3,"minecraft:chest":86,"minecraft:poppy":4,"iceandfire:frozen_dirt":3,"minecraft:cobblestone":29,"minecraft:oak_planks":25,"minecraft:wall_torch":81,"minecraft:pink_petals":7,"minecraft:dark_oak_slab":8,"eidolon:deep_lead_ore":24,"dynamictrees:birch_leaves":4,"minecraft:stripped_oak_wood":2,"minecraft:oak_log":179,"minecraft:sand":207,"minecraft:dirt":744,"minecraft:netherrack":267,"minecraft:oak_leaves":41,"minecraft:diamond_ore":6,"minecraft:tuff":191,"minecraft:red_carpet":5,"rpgsmw:miphrildeepslateore":39,"minecraft:deepslate_diamond_ore":50,"minecraft:candle":37,"gamma_beasts:roblo_hoja":4,"minecraft:lever":1,"minecraft:stone_button":2,"epicsamurai:deepslate_ruby_ore":17,"iceandfire:frozen_stone":1,"eidolon:silver_ore":5,"minecraft:yellow_candle":2,"minecraft:decorated_pot":2,"cataclysm:chiseled_stone_brick_pillar":39,"iceandfire:frozen_splinters":14,"travelersbackpack:white_sleeping_bag":2,"minecraft:sandstone":24,"minecraft:large_fern":3,"minecraft:hay_block":20,"epicsamurai:onyx_ore":1,"minecraft:oak_trapdoor":3,"minecraft:furnace":4,"minecraft:carrots":100,"gamma_beasts:prehnite_ore":6,"minecraft:dark_oak_fence_gate":9,"minecraft:chiseled_deepslate":1,"minecraft:gold_block":10,"minecraft:nether_brick_fence":2,"minecraft:bookshelf":41,"minecraft:deepslate_iron_ore":34,"minecraft:lantern":8,"crittersandcompanions:silk_cocoon":4,"minecraft:stone":1391,"geore:coal_block":3,"minecraft:basalt":60,"relics:researching_table":1,"travelersbackpack:standard":26,"epicsamurai:deepslate_aquamarine_ore":27,"minecraft:oak_fence":2,"minecraft:crafting_table":6,"gamma_beasts:acacia_hoja_1":1,"minecraft:rose_bush":4,"minecraft:andesite_slab":25,"minecraft:lectern":45,"minecraft:stone_slab":54,"minecraft:deepslate_coal_ore":8,"minecraft:lapis_ore":7,"minecraft:sculk":3,"minecraft:spruce_stairs":7,"gamma_beasts:deepslate_prehnite_ore":64,"butchersdelight:deadcowblock":1,"forbidden_arcanus:edelwood_log":7,"forbidden_arcanus:xpetrified_ore":6,"rpgsmw:mineral_ore":13,"minecraft:sweet_berry_bush":2,"minecraft:ice":1,"minecraft:bee_nest":3,"minecraft:yellow_bed":7,"gamma_beasts:thin_oak_log":88,"minecraft:coal_ore":121,"dynamictrees:oak_sapling":6,"minecraft:cracked_stone_bricks":9,"minecraft:terracotta":9,"minecraft:mossy_stone_bricks":3,"forbidden_arcanus:runic_deepslate":8},"minecraft:killed_by":{"gamma_beasts:diamond_golem_a":1,"minecraft:vex":2,"alexsmobs:crimson_mosquito":1},"minecraft:dropped":{"crittersandcompanions:clam":5,"minecraft:glow_ink_sac":17,"minecraft:glass_bottle":12,"gamma_beasts:palm_tree_planks":8,"minecraft:orange_tulip":1,"gamma_beasts:acacia_leaf":1,"farmersdelight:cooked_bacon":2,"minecraft:dark_oak_slab":8,"minecraft:crossbow":1,"improvableskills:parchment_fragment":1,"iceandfire:ectoplasm":3,"minecraft:red_carpet":1,"minecraft:emerald":2,"minecraft:dirt":691,"minecraft:grass":1,"minecraft:stone_button":8,"butchersdelightfoods:legcow":5,"minecraft:sunflower":1,"minecraft:writable_book":1,"irons_spellbooks:arcane_essence":47,"minecraft:sand":6,"forbidden_arcanus:darkstone":18,"minecraft:dark_oak_planks":4,"minecraft:white_wool":5,"minecraft:bone":4,"minecraft:stone_axe":1,"minecraft:iron_nugget":8,"minecraft:golden_chestplate":1,"alexsmobs:animal_dictionary":1,"minecraft:cobbled_deepslate":301,"alexscaves:cave_tablet":2,"minecraft:wheat":4,"minecraft:obsidian":1,"tombstone:gift":1,"minecraft:rotten_flesh":30,"minecraft:oak_planks":21,"minecraft:nether_brick_fence":4,"minecraft:azure_bluet":3,"minecraft:chiseled_deepslate":2,"minecraft:orange_banner":5,"minecraft:acacia_sapling":1,"tombstone:scroll_of_knowledge":2,"improvableskills:scroll_normal":1,"minecraft:white_dye":2,"minecraft:stone_brick_stairs":3,"iceandfire:manuscript":5,"farmersdelight:tomato_seeds":4,"minecraft:enchanted_book":1,"minecraft:iron_ingot":1,"toughasnails:water_canteen":1,"minecraft:wheat_seeds":90,"eidolon:silver_sword":1,"minecraft:cobblestone":114,"minecraft:book":72,"forbidden_arcanus:xpetrified_orb":1,"minecraft:apple":5,"minecraft:granite":27,"minecraft:spruce_button":4,"minecraft:coal":1,"minecraft:oxeye_daisy":3,"minecraft:rose_bush":6,"rpgsmw:class_choose_orb":1,"minecraft:potion":7,"minecraft:brown_terracotta":6,"minecraft:oak_stairs":1,"toughasnails:leaf_leggings":2,"iceandfire:dragonscales_white":6,"minecraft:paper":13,"minecraft:chainmail_leggings":1,"minecraft:string":4,"minecraft:acacia_planks":12,"minecraft:gray_carpet":12,"ars_nouveau:caster_tome":5,"minecraft:stone_brick_slab":3,"minecraft:pink_tulip":1,"forbidden_arcanus:edelwood_water_bucket":1,"minecraft:moss_carpet":5,"minecraft:cobblestone_wall":33,"minecraft:bowl":1,"minecraft:deepslate":10,"minecraft:name_tag":5,"minecraft:shears":1,"forbidden_arcanus:bat_wing":3,"minecraft:nether_bricks":8,"minecraft:potato":33,"minecraft:stone":253,"minecraft:allium":1,"iceandfire:frozen_splinters":6,"minecraft:bundle":4,"minecraft:spruce_planks":95,"minecraft:stone_bricks":10,"minecraft:spider_eye":2,"minecraft:sandstone":2,"minecraft:bow":3,"minecraft:red_tulip":4,"minecraft:magma_block":2,"minecraft:vex_armor_trim_smithing_template":4,"minecraft:terracotta":18,"minecraft:spruce_sign":7,"forbidden_arcanus:cloth":2,"minecraft:birch_planks":4,"minecraft:moss_block":1,"minecraft:brown_mushroom":4,"minecraft:oak_log":274,"minecraft:loom":1,"irons_spellbooks:lightning_bottle":2,"epicsamurai:red_samurai_chestplate_light":1,"minecraft:ender_pearl":1,"minecraft:leather":1,"minecraft:jungle_planks":320,"dynamictrees:spruce_seed":19,"relics:horse_flute":2,"minecraft:host_armor_trim_smithing_template":1,"minecraft:brush":2,"minecraft:cornflower":3,"minecraft:mutton":9,"minecraft:crimson_roots":2,"minecraft:snowball":4,"ars_nouveau:ritual_moonfall":2,"farmersdelight:onion":4,"minecraft:stripped_oak_wood":1,"minecraft:gold_ingot":26,"minecraft:gravel":13,"minecraft:white_tulip":2,"dynamictrees:oak_seed":14,"minecraft:andesite_slab":20,"iceandfire:silver_shovel":1,"minecraft:carrot":185,"gamma_beasts:thin_oak_log":6,"patchouli:guide_book":2,"minecraft:chiseled_stone_bricks":1,"minecraft:poppy":4,"minecraft:gunpowder":4,"minecraft:azalea":1,"minecraft:chest":14,"minecraft:chainmail_boots":1,"rpgsmw:miphril_greatsword":1,"minecraft:arrow":3,"minecraft:oak_leaves":4,"minecraft:netherrack":22,"minecraft:water_bucket":5,"minecraft:bread":15,"minecraft:golden_helmet":1,"gamma_beasts:oak_leaf":54,"minecraft:mossy_cobblestone":15,"gamma_beasts:coal_nugget":11,"minecraft:lead":7,"minecraft:sculk_vein":14,"delightful:green_tea_leaf":142,"delightful:mini_melon":1,"minecraft:spruce_stairs":2,"minecraft:stick":1082,"irons_spellbooks:scroll":15,"ars_nouveau:worn_notebook":1,"butchersdelight:skullcow":113,"illagerinvasion:platinum_chunk":2,"minecraft:diorite":38,"minecraft:torch":31,"farmersdelight:cooking_pot":1,"tombstone:grave_key":5,"minecraft:nether_wart_block":3,"toughasnails:leaf_boots":1,"forbidden_arcanus:spawner_scrap":1,"tombstone:grave_dust":17,"toughasnails:purified_water_canteen":1,"iceandfire:ice_dragon_heart":1,"minecraft:wither_rose":1,"minecraft:stonecutter":1,"minecraft:pink_petals":89,"minecraft:smooth_basalt":3,"iceandfire:dragonbone":1,"minecraft:dandelion":13,"toughasnails:leaf_chestplate":2,"minecraft:coarse_dirt":3,"minecraft:raw_copper":4,"minecraft:tuff":111,"minecraft:raw_iron":3,"minecraft:tall_grass":1,"minecraft:light_gray_wool":1,"minecraft:yellow_candle":6,"minecraft:totem_of_undying":2,"minecraft:acacia_leaves":2,"minecraft:glass_pane":16,"relics:magic_mirror":2,"minecraft:shield":2,"iceandfire:copper_sword":2,"minecraft:orange_terracotta":4,"minecraft:andesite":136,"minecraft:golden_sword":1,"minecraft:spruce_log":40,"iceandfire:fire_dragon_heart":1,"minecraft:stone_pickaxe":1,"minecraft:wooden_pickaxe":5,"minecraft:calcite":3,"minecraft:nautilus_shell":1},"minecraft:used":{"iceandfire:dragon_skull_ice":5,"minecraft:poppy":2,"minecraft:chest":433,"minecraft:stone":1,"travelersbackpack:diamond":30,"minecraft:rotten_flesh":6,"minecraft:spruce_boat":1,"minecraft:lava_bucket":10,"epicsamurai:red_samurai_boots_light":1,"minecraft:stone_brick_stairs":75,"delightful:green_tea_leaf":1,"minecraft:bow":2367,"minecraft:sweet_berries":13,"eidolon:silver_chestplate":1,"minecraft:furnace":4,"minecraft:egg":4,"minecraft:potato":2,"forbidden_arcanus:edelwood_bucket":6,"eidolon:silver_shovel":82,"minecraft:mossy_stone_bricks":4,"butchersdelightfoods:coockedbeeftenderloin":88,"minecraft:acacia_trapdoor":20,"toms_storage:ts.inventory_connector":2,"minecraft:blackstone":3,"minecraft:wooden_pickaxe":101,"rpgsmw:miphril_greatsword":1632,"minecraft:composter":1,"tombstone:tablet_of_guard":3,"minecraft:oak_leaves":87,"butchersdelight:skullcow":3,"minecraft:sand":1,"rpgsmw:miphril_axe":660,"minecraft:deepslate_tiles":1,"relics:horse_flute":6,"minecraft:stone_button":1,"minecraft:lectern":47,"dynamictrees:acacia_seed":5,"minecraft:soul_lantern":1,"minecraft:oak_boat":13,"minecraft:oak_trapdoor":7,"minecraft:enchanting_table":1,"toughasnails:leaf_helmet":1,"toughasnails:water_purifier":1,"minecraft:cooked_salmon":6,"minecraft:netherrack":221,"minecraft:torch":269,"minecraft:brewing_stand":5,"minecraft:anvil":5,"toms_storage:ts.crafting_terminal":2,"minecraft:polished_granite_slab":1,"minecraft:iron_axe":21,"minecraft:spruce_button":18,"minecraft:basalt":52,"rpgsmw:miphril_pickaxe":3945,"tombstone:gift":8,"minecraft:acacia_planks":6,"minecraft:cobbled_deepslate":357,"minecraft:water_bucket":595,"tombstone:scroll_of_reach":1,"minecraft:cherry_planks":4,"minecraft:spruce_fence_gate":32,"minecraft:fletching_table":21,"minecraft:cracked_stone_bricks":1,"forbidden_arcanus:edelwood_water_bucket":5,"cataclysm:stone_pillar":21,"minecraft:crafting_table":16,"minecraft:oak_slab":27,"minecraft:campfire":39,"minecraft:white_bed":14,"minecraft:dark_oak_fence_gate":21,"minecraft:cake":1,"minecraft:oak_log":485,"minecraft:mud":1,"minecraft:diamond_pickaxe":1467,"minecraft:iron_pickaxe":60,"minecraft:spruce_trapdoor":19,"toughasnails:leaf_chestplate":5,"minecraft:crimson_nylium":1,"minecraft:chiseled_stone_bricks":2,"farmersdelight:cooked_bacon":2,"travelersbackpack:standard":2,"minecraft:potion":36,"minecraft:cobblestone":317,"minecraft:orange_banner":2,"minecraft:cooked_porkchop":11,"toughasnails:purified_water_canteen":499,"minecraft:glass_pane":20,"minecraft:dandelion":7,"minecraft:diamond_leggings":5,"minecraft:diamond_hoe":89,"minecraft:decorated_pot":1,"minecraft:shield":25,"minecraft:iron_sword":1,"butchersdelightfoods:cookedbeefribs":1,"minecraft:iron_chestplate":4,"minecraft:nether_bricks":5,"minecraft:carrot":413,"minecraft:tuff":11,"minecraft:milk_bucket":1,"minecraft:obsidian":20,"minecraft:glass":147,"minecraft:lantern":13,"iceandfire:armor_silver_metal_leggings":9,"minecraft:stone_bricks":335,"minecraft:item_frame":13,"minecraft:red_carpet":53,"minecraft:skeleton_skull":1,"dynamictrees:spruce_seed":28,"relics:researching_table":2,"minecraft:wither_skeleton_skull":1,"minecraft:stone_pickaxe":199,"minecraft:gray_carpet":2,"minecraft:oak_planks":266,"minecraft:ender_pearl":3,"minecraft:sandstone":10,"minecraft:sugar_cane":49,"cataclysm:chiseled_stone_brick_pillar":39,"toughasnails:water_canteen":898,"minecraft:white_wool":3,"rpgsmw:paladin_diamond_armor_boots":1,"iceandfire:podium_spruce":1,"minecraft:mushroom_stew":3,"travelersbackpack:quartz":1,"iceandfire:silver_axe":370,"minecraft:shears":187,"waystones:waystone":5,"minecraft:lever":19,"minecraft:bread":427,"minecraft:melon_slice":9,"tombstone:grave_key":1,"minecraft:deepslate":1,"minecraft:gravel":203,"iceandfire:dragon_skull_fire":3,"tombstone:familiar_stone":2,"rpgsmw:miphril_shovel":1772,"forbidden_arcanus:splash_aureal_bottle":1,"minecraft:chainmail_boots":1,"minecraft:deepslate_coal_ore":8,"minecraft:andesite":28,"minecraft:air":4,"minecraft:bone_meal":234,"minecraft:experience_bottle":9,"minecraft:oak_fence":4,"minecraft:cherry_wood":2,"minecraft:flint_and_steel":14,"minecraft:redstone":24,"minecraft:spruce_planks":597,"gamma_beasts:green_apple":1,"dynamictrees:oak_seed":133,"minecraft:cooked_chicken":8,"minecraft:dirt":1081,"toughasnails:empty_canteen":190,"minecraft:spruce_stairs":190,"minecraft:cobblestone_wall":24,"minecraft:granite":4,"eidolon:silver_sword":383,"minecraft:spruce_fence":86,"minecraft:stone_brick_slab":36,"minecraft:dark_oak_planks":2,"minecraft:bookshelf":21,"minecraft:oak_stairs":77,"dynamictrees:birch_seed":3,"simplyswords:diamond_greathammer":320,"minecraft:iron_boots":1,"epicsamurai:red_samurai_helmet_light":1,"minecraft:cooked_beef":122,"minecraft:enchanted_golden_apple":1,"minecraft:cooked_mutton":7,"minecraft:acacia_boat":8,"minecraft:pink_tulip":6,"toughasnails:leaf_leggings":7,"minecraft:glass_bottle":47,"minecraft:red_nether_bricks":5,"minecraft:brown_mushroom":1,"minecraft:green_bed":38,"minecraft:stonecutter":3,"minecraft:cobblestone_slab":2,"bosses_of_mass_destruction:soul_star":6,"minecraft:piston":22,"minecraft:apple":3,"iceandfire:armor_silver_boots":1,"minecraft:stone_axe":1,"minecraft:magenta_banner":1,"minecraft:white_banner":1,"minecraft:bucket":606,"minecraft:yellow_bed":3,"iceandfire:silver_shovel":2379,"minecraft:splash_potion":11},"minecraft:picked_up":{"butchersdelight:deadhoglin":1,"gamma_beasts:thin_oak_log":93,"minecraft:iron_chestplate":2,"butchersdelightfoods:legcow":121,"rpgsmw:miphrilignot":9,"minecraft:anvil":4,"minecraft:stone_slab":216,"minecraft:lead":9,"minecraft:diamond_sword":1,"minecraft:oak_stairs":5,"butchersdelightfoods:cooked_ham":3,"minecraft:wither_rose":29,"minecraft:enchanted_book":2,"minecraft:brewing_stand":7,"minecraft:golden_sword":1,"forbidden_arcanus:xpetrified_orb":19,"minecraft:string":71,"relics:magic_mirror":7,"minecraft:cooked_salmon":3,"minecraft:red_nether_bricks":19,"minecraft:cobbled_deepslate":1661,"bosses_of_mass_destruction:soul_star":8,"minecraft:spruce_planks":218,"rpgsmw:rawmiphrilignot":39,"minecraft:enchanted_golden_apple":2,"minecraft:coal_block":3,"minecraft:golden_helmet":1,"minecraft:composter":1,"minecraft:green_bed":40,"minecraft:acacia_log":8,"minecraft:cherry_log":23,"celestisynth:wintereis_shard":8,"minecraft:stone_sword":1,"eidolon:silver_sword":2,"minecraft:vex_armor_trim_smithing_template":5,"relics:horse_flute":2,"toms_storage:ts.inventory_connector":1,"iceandfire:fire_dragon_heart":1,"minecraft:red_tulip":4,"minecraft:glowstone":15,"gamma_beasts:coal_nugget":99,"ars_nouveau:sourceberry_bush":8,"minecraft:blaze_rod":45,"minecraft:host_armor_trim_smithing_template":1,"minecraft:snowball":4,"minecraft:birch_log":28,"iceandfire:sapphire_gem":5,"minecraft:magma_block":2,"butchersdelightfoods:beeftenderloin":117,"minecraft:feather":4,"minecraft:cooked_beef":4,"eidolon:raw_silver":37,"minecraft:water_bucket":6,"minecraft:flint":44,"butchersdelight:deadpig":3,"minecraft:stripped_spruce_wood":1,"farmersdelight:cooked_bacon":4,"butchersdelightfoods:cookedporkloin":3,"minecraft:lantern":14,"minecraft:stonecutter":3,"delightful:mini_melon":4,"forbidden_arcanus:rune":12,"minecraft:glowstone_dust":129,"minecraft:moss_block":1,"epicsamurai:raw_silver":117,"relics:hunter_belt":3,"butchersdelight:skullcow":116,"iceandfire:dragon_skull_fire":4,"butchersdelightfoods:porkloin":3,"dynamictrees:acacia_seed":5,"minecraft:loom":1,"minecraft:fermented_spider_eye":2,"minecraft:bundle":7,"forbidden_arcanus:edelwood_log":7,"minecraft:white_candle":4,"toughasnails:water_canteen":2,"toughasnails:water_purifier":1,"minecraft:deepslate":11,"rpgsmw:rangal":5,"minecraft:lever":7,"minecraft:writable_book":1,"minecraft:polished_granite_slab":1,"minecraft:granite":64,"minecraft:spruce_button":6,"minecraft:bread":49,"epicsamurai:ruby":31,"minecraft:dark_oak_fence":44,"minecraft:crimson_roots":2,"iceandfire:raw_silver":11,"minecraft:diamond_pickaxe":1,"minecraft:mud":1,"minecraft:crafting_table":6,"minecraft:coarse_dirt":3,"iceandfire:witherbone":5,"minecraft:nether_wart":513,"minecraft:orange_banner":7,"minecraft:yellow_candle":6,"minecraft:cornflower":3,"iceandfire:frozen_splinters":6,"gamma_beasts:acacia_leaf":1,"epicsamurai:jade":81,"butchersdelight:dead_cow":146,"minecraft:glass_pane":28,"iceandfire:bestiary":1,"minecraft:cracked_stone_bricks":18,"farmersdelight:beef_patty":10,"epicsamurai:red_samurai_chestplate_light":1,"minecraft:beef":116,"iceandfire:armor_silver_metal_leggings":1,"minecraft:iron_nugget":33,"minecraft:poppy":8,"minecraft:chest":94,"minecraft:piston":10,"minecraft:diamond_hoe":1,"minecraft:egg":4,"minecraft:sandstone":24,"minecraft:stone":328,"farmersdelight:minced_beef":5,"relics:rage_glove":2,"minecraft:spruce_fence":1,"minecraft:white_dye":2,"farmersdelight:tomato_seeds":4,"minecraft:carrot":363,"minecraft:redstone":128,"butchersdelightfoods:cooked_leg_cow":54,"iceandfire:dragon_skull_ice":5,"minecraft:cooked_cod":6,"minecraft:decorated_pot":1,"butchersdelightfoods:coockedbeeftenderloin":49,"minecraft:shears":1,"iceandfire:dragonscales_silver":13,"minecraft:hay_block":20,"minecraft:gold_ingot":71,"minecraft:totem_of_undying":5,"minecraft:mutton":26,"minecraft:white_wool":69,"minecraft:oxeye_daisy":3,"epicsamurai:kitsune_hide":1,"iceandfire:sea_serpent_fang":10,"minecraft:red_mushroom":2,"minecraft:oak_log":1552,"toms_storage:ts.crafting_terminal":1,"minecraft:sculk_vein":14,"alexsmobs:mosquito_proboscis":1,"minecraft:paper":12,"minecraft:white_banner":1,"butchersdelight:deadchiken":1,"epicsamurai:oni_horn":2,"minecraft:apple":28,"minecraft:stone_bricks":230,"farmersdelight:cooking_pot":1,"tombstone:bag_of_seeds":1,"minecraft:tall_grass":1,"minecraft:glass_bottle":5,"epicsamurai:aquamarine":40,"forbidden_arcanus:darkstone":18,"toughasnails:leaf_chestplate":1,"minecraft:smooth_basalt":3,"minecraft:dark_oak_slab":8,"iceandfire:armor_bronze_helmet":1,"minecraft:sweet_berries":13,"minecraft:gravel":290,"gamma_beasts:thin_acacia_log":23,"minecraft:spruce_log":341,"illagerinvasion:illusionary_dust":5,"forbidden_arcanus:arcane_crystal":71,"travelersbackpack:standard":26,"tombstone:scroll_of_knowledge":3,"iceandfire:ice_dragon_flesh":6,"knightsnmages:moonlight_gem":49,"gamma_beasts:thin_spruce_log":11,"minecraft:baked_potato":10,"minecraft:melon_seeds":3,"minecraft:crimson_nylium":1,"rpgsmw:miphril_greatsword":1,"minecraft:ender_pearl":12,"epicsamurai:spirit_flame":10,"irons_spellbooks:scroll":17,"minecraft:chiseled_deepslate":2,"ars_nouveau:caster_tome":6,"minecraft:wheat":4,"illagerinvasion:platinum_chunk":6,"minecraft:nether_brick_fence":4,"gamma_beasts:fur":6,"alexscaves:cave_tablet":4,"minecraft:potion":6,"ars_nouveau:ritual_moonfall":2,"minecraft:nether_brick":57,"minecraft:stone_brick_stairs":15,"tombstone:grave_key":2,"minecraft:raw_copper":21,"iceandfire:sea_serpent_scales_teal":1,"travelersbackpack:diamond":24,"minecraft:iron_leggings":1,"travelersbackpack:quartz":1,"minecraft:experience_bottle":2,"forbidden_arcanus:carved_edelwood_log":3,"alexsmobs:dropbear_claw":2,"alexsmobs:blood_sac":3,"irons_spellbooks:arcane_essence":55,"minecraft:deepslate_tiles":1,"minecraft:bucket":1,"minecraft:white_tulip":2,"rpgsmw:redarium":2,"minecraft:rose_bush":10,"minecraft:cobblestone_slab":2,"minecraft:calcite":3,"minecraft:azalea":1,"dynamictrees:oak_seed":489,"minecraft:iron_pickaxe":1,"delightful:green_tea_leaf":235,"iceandfire:armor_bronze_boots":1,"minecraft:furnace":6,"iceandfire:pixie_dust":3,"minecraft:stick":2215,"improvableskills:parchment_fragment":1,"minecraft:brown_terracotta":6,"minecraft:oak_fence":2,"minecraft:torch":317,"cataclysm:chiseled_stone_brick_pillar":101,"iceandfire:dragonscales_white":26,"minecraft:spruce_stairs":10,"minecraft:porkchop":3,"tombstone:grave_dust":24,"minecraft:diorite":40,"eidolon:tattered_cloth":8,"forbidden_arcanus:obsidian_with_iron":2,"minecraft:rotten_flesh":40,"butchersdelightfoods:ham":3,"irons_spellbooks:arcane_debris":1,"rpgsmw:edmantium":14,"minecraft:obsidian":31,"cataclysm:stone_pillar":61,"minecraft:cobblestone":1409,"minecraft:blaze_powder":1,"ars_nouveau:drygmy_shard":1,"minecraft:nautilus_shell":1,"minecraft:pink_petals":137,"minecraft:magma_cream":5,"minecraft:andesite":133,"gamma_beasts:prehnite":176,"minecraft:potato":13,"minecraft:tuff":186,"gamma_beasts:oak_leaf":107,"minecraft:acacia_boat":1,"minecraft:wither_skeleton_skull":2,"minecraft:lapis_lazuli":431,"minecraft:dirt":4369,"iceandfire:dragonscales_bronze":1,"minecraft:name_tag":5,"butchersdelightfoods:cookedbeefribs":52,"minecraft:glass":16,"minecraft:bone":180,"minecraft:acacia_planks":6,"minecraft:wheat_seeds":128,"minecraft:bow":3,"knightsnmages:scarlet_gem":56,"ars_nouveau:source_gem":5,"minecraft:orange_tulip":1,"geore:coal_block":2,"minecraft:raw_gold":106,"minecraft:mossy_stone_bricks":5,"minecraft:fletching_table":14,"minecraft:oak_planks":89,"minecraft:ghast_tear":5,"toughasnails:purified_water_canteen":1,"minecraft:cooked_porkchop":20,"iceandfire:podium_spruce":1,"butchersdelight:cow_hide":116,"gamma_beasts:palm_tree_log":2,"minecraft:sand":217,"minecraft:jungle_planks":320,"minecraft:diamond_block":1,"farmersdelight:ham":6,"butchersdelightfoods:beefribs":115,"minecraft:mossy_cobblestone":11,"forbidden_arcanus:ender_pearl_fragment":4,"minecraft:spruce_fence_gate":1,"eidolon:raw_lead":71,"minecraft:yellow_carpet":1,"tombstone:familiar_stone":1,"minecraft:diamond":134,"minecraft:soul_lantern":1,"waystones:waystone":5,"minecraft:cherry_wood":3,"minecraft:crossbow":1,"relics:researching_table":1,"minecraft:grass":1,"forbidden_arcanus:edelwood_stick":2,"minecraft:golden_apple":2,"minecraft:spruce_sign":6,"minecraft:emerald":98,"minecraft:netherrack":256,"minecraft:oak_leaves":204,"minecraft:andesite_slab":84,"endrem:magical_eye":1,"minecraft:charcoal":21,"minecraft:allium":1,"minecraft:azure_bluet":4,"minecraft:brown_mushroom":82,"dynamictrees:spruce_seed":54,"minecraft:wooden_pickaxe":1,"minecraft:gold_block":10,"minecraft:shield":3,"ars_nouveau:amplify_arrow":26,"minecraft:oak_trapdoor":2,"minecraft:moss_carpet":5,"minecraft:iron_axe":1,"minecraft:item_frame":17,"minecraft:blackstone":3,"butchersdelightfoods:cookedporkribs":3,"knightsnmages:citrin_gem":58,"minecraft:candle":90,"improvableskills:scroll_normal":3,"eidolon:zombie_heart":1,"minecraft:oak_boat":9,"irons_spellbooks:lightning_bottle":2,"minecraft:light_gray_wool":1,"minecraft:lectern":44,"minecraft:sugar_cane":82,"butchersdelightfoods:porkribs":3,"crittersandcompanions:clam":7,"iceandfire:ice_dragon_heart":3,"forbidden_arcanus:cloth":2,"iceandfire:dragonbone":43,"minecraft:raw_iron":145,"forbidden_arcanus:bat_wing":6,"iceandfire:troll_tusk":1,"minecraft:bowl":2,"minecraft:stone_button":3,"minecraft:cookie":19,"minecraft:dark_oak_planks":6,"iceandfire:silver_ingot":4,"minecraft:arrow":89,"minecraft:nether_bricks":25,"rpgsmw:pinarium":2,"crittersandcompanions:silk":54,"minecraft:pink_tulip":7,"forbidden_arcanus:spawner_scrap":3,"minecraft:skeleton_skull":1,"epicsamurai:kitsune_tail":2,"iceandfire:silver_axe":1,"minecraft:basalt":59,"minecraft:glow_ink_sac":14,"minecraft:magenta_banner":1,"minecraft:leather":255,"iceandfire:silver_shovel":1,"minecraft:birch_planks":4,"gamma_beasts:green_apple":114,"iceandfire:ectoplasm":4,"minecraft:cobblestone_wall":35,"minecraft:yellow_bed":7,"minecraft:nether_wart_block":3,"minecraft:gunpowder":66,"minecraft:orange_terracotta":4,"minecraft:cooked_mutton":15,"minecraft:red_carpet":54,"minecraft:gray_carpet":14,"minecraft:acacia_trapdoor":12,"minecraft:rabbit_hide":12,"minecraft:iron_ingot":65,"dynamictrees:birch_seed":8,"minecraft:stripped_oak_wood":3,"iceandfire:fire_dragon_flesh":8,"minecraft:acacia_sapling":1,"minecraft:soul_sand":24,"minecraft:book":197,"stalwart_dungeons:transient_block_close":7,"epicsamurai:onyx":24,"minecraft:oak_slab":1,"minecraft:quartz":8,"minecraft:chiseled_stone_bricks":3,"minecraft:stone_brick_slab":18,"minecraft:brush":3,"minecraft:dandelion":21,"minecraft:raw_iron_block":2,"minecraft:white_bed":14,"minecraft:dark_oak_fence_gate":11,"minecraft:spider_eye":20,"eidolon:lead_ingot":45,"dynamictrees:cherry_seed":30,"tombstone:magic_scroll":5,"minecraft:terracotta":18,"minecraft:coal":219,"minecraft:sunflower":1}},"DataVersion":3465}