{"stats":{"minecraft:killed":{"minecraft:vindicator":3,"minecraft:horse":2,"iceandfire:ghost":2,"illagerinvasion:provoker":2},"minecraft:used":{"minecraft:water_bucket":24,"toughasnails:leaf_leggings":6,"minecraft:glass_bottle":7,"minecraft:oak_planks":11,"minecraft:shield":7,"toughasnails:water_canteen":35,"forbidden_arcanus:edelwood_water_bucket":4,"minecraft:iron_chestplate":3,"minecraft:white_wool":1,"minecraft:anvil":1,"toughasnails:empty_canteen":5,"minecraft:spruce_stairs":2,"iceandfire:silver_axe":19,"eidolon:silver_sword":172,"minecraft:bread":27,"minecraft:spruce_button":1,"minecraft:iron_pickaxe":4,"iceandfire:armor_silver_metal_leggings":5,"toughasnails:leaf_chestplate":1,"minecraft:potion":6,"minecraft:orange_banner":2,"minecraft:chainmail_boots":1,"toughasnails:purified_water_canteen":9,"minecraft:bucket":25,"minecraft:egg":1,"minecraft:potato":2,"minecraft:air":1,"forbidden_arcanus:edelwood_bucket":5,"minecraft:diamond_leggings":1},"minecraft:picked_up":{"irons_spellbooks:scroll":1,"iceandfire:silver_axe":1,"ars_nouveau:caster_tome":1,"minecraft:iron_chestplate":1,"minecraft:water_bucket":3,"minecraft:leather":1,"alexscaves:cave_tablet":2,"minecraft:potato":13,"minecraft:orange_banner":7,"minecraft:potion":3,"butchersdelight:deadpig":3,"minecraft:oak_log":7,"tombstone:grave_key":1,"minecraft:shield":1,"minecraft:gunpowder":5,"ars_nouveau:amplify_arrow":26,"minecraft:string":8,"relics:magic_mirror":1,"minecraft:iron_axe":1,"minecraft:iron_leggings":1,"minecraft:bone":11,"minecraft:apple":7,"minecraft:stone_bricks":1,"minecraft:rabbit_hide":6,"dynamictrees:oak_seed":3,"minecraft:poppy":3,"minecraft:iron_pickaxe":1,"delightful:green_tea_leaf":1,"iceandfire:armor_bronze_boots":1,"minecraft:oak_planks":55,"minecraft:diamond_hoe":1,"minecraft:egg":1,"minecraft:stick":13,"iceandfire:armor_bronze_helmet":1,"minecraft:brush":1,"minecraft:torch":24,"minecraft:spruce_stairs":1,"minecraft:raw_iron_block":1,"minecraft:white_bed":1,"minecraft:bundle":1,"minecraft:arrow":2,"toughasnails:water_canteen":1,"tombstone:scroll_of_knowledge":1,"minecraft:vex_armor_trim_smithing_template":1,"minecraft:shears":1,"crittersandcompanions:silk":12,"minecraft:bread":38,"minecraft:spruce_sign":6,"minecraft:spruce_button":5,"minecraft:emerald":4,"ars_nouveau:sourceberry_bush":4,"minecraft:obsidian":3,"minecraft:coal":5,"minecraft:snowball":4,"minecraft:white_wool":2,"minecraft:cobblestone":3,"minecraft:diamond_pickaxe":1},"minecraft:broken":{"toughasnails:purified_water_canteen":1,"minecraft:iron_leggings":1,"toughasnails:water_canteen":3},"minecraft:mined":{"minecraft:white_bed":1,"minecraft:grass_block":2,"minecraft:tall_grass":5,"minecraft:oak_planks":7,"minecraft:vine":1,"crittersandcompanions:silk_cocoon":1,"minecraft:dirt":3,"minecraft:stone":3,"minecraft:stone_bricks":1},"minecraft:dropped":{"minecraft:water_bucket":2,"minecraft:spruce_sign":7,"minecraft:bread":3,"dynamictrees:oak_seed":3,"alexsmobs:animal_dictionary":1,"minecraft:cobblestone":3,"minecraft:apple":5,"minecraft:spruce_button":4,"patchouli:guide_book":2,"minecraft:poppy":3,"ars_nouveau:worn_notebook":1,"minecraft:potato":13,"minecraft:orange_banner":5,"tombstone:grave_key":1,"minecraft:snowball":4,"rpgsmw:class_choose_orb":1,"minecraft:potion":3,"minecraft:stone_bricks":1,"minecraft:sand":1,"minecraft:white_wool":1,"minecraft:chainmail_leggings":1},"minecraft:crafted":{"minecraft:glass_bottle":3,"toughasnails:leaf_leggings":1,"minecraft:bread":21,"iceandfire:armor_silver_metal_leggings":1,"minecraft:iron_block":3,"minecraft:anvil":1,"eidolon:silver_sword":2,"toughasnails:empty_canteen":1},"minecraft:custom":{"minecraft:interact_with_furnace":1,"minecraft:interact_with_anvil":4,"minecraft:mob_kills":9,"minecraft:animals_bred":7,"tombstone:raider_killed":5,"minecraft:interact_with_crafting_table":8,"minecraft:leave_game":5,"minecraft:time_since_death":6409,"minecraft:sleep_in_bed":5,"minecraft:climb_one_cm":36,"minecraft:time_since_rest":6354,"minecraft:waystone_activated":1,"minecraft:sprint_one_cm":286012,"minecraft:damage_taken":3451,"minecraft:walk_one_cm":130600,"minecraft:damage_blocked_by_shield":130,"minecraft:trigger_trapped_chest":2,"minecraft:drop":41,"minecraft:damage_dealt":7958,"minecraft:swim_one_cm":26744,"minecraft:fly_one_cm":536434,"minecraft:open_chest":74,"minecraft:crouch_one_cm":1263,"minecraft:play_time":84593,"tombstone:undead_killed":2,"minecraft:deaths":9,"minecraft:sneak_time":1702,"minecraft:walk_under_water_one_cm":9661,"minecraft:jump":2186,"minecraft:walk_on_water_one_cm":17151,"minecraft:total_world_time":84593,"minecraft:fall_one_cm":60737}},"DataVersion":3465}