{"stats":{"minecraft:killed":{"illagerinvasion:archivist":5,"minecraft:evoker":2,"minecraft:vex":2,"minecraft:vindicator":9,"illagerinvasion:marauder":5,"illagerinvasion:basher":3,"minecraft:horse":2,"illagerinvasion:provoker":2,"illagerinvasion:alchemist":2,"iceandfire:ghost":2,"ars_nouveau:whirlisprig":1},"minecraft:used":{"minecraft:shield":7,"minecraft:iron_chestplate":4,"minecraft:dirt":1,"minecraft:anvil":1,"toughasnails:empty_canteen":9,"minecraft:spruce_stairs":2,"eidolon:silver_sword":243,"minecraft:iron_axe":3,"minecraft:spruce_button":1,"iceandfire:armor_silver_metal_leggings":5,"minecraft:bow":167,"minecraft:egg":1,"minecraft:potato":2,"forbidden_arcanus:edelwood_bucket":6,"minecraft:water_bucket":39,"toughasnails:leaf_leggings":6,"minecraft:glass_bottle":7,"minecraft:oak_planks":21,"minecraft:wooden_pickaxe":2,"toughasnails:water_canteen":80,"minecraft:white_wool":1,"forbidden_arcanus:edelwood_water_bucket":5,"minecraft:crafting_table":1,"minecraft:white_bed":1,"iceandfire:silver_axe":19,"minecraft:bread":48,"minecraft:iron_pickaxe":6,"toughasnails:leaf_chestplate":1,"minecraft:chiseled_stone_bricks":2,"minecraft:potion":8,"minecraft:orange_banner":2,"minecraft:chainmail_boots":1,"toughasnails:purified_water_canteen":9,"minecraft:bucket":40,"minecraft:air":1,"minecraft:diamond_leggings":1},"minecraft:picked_up":{"irons_spellbooks:scroll":1,"ars_nouveau:caster_tome":1,"endrem:magical_eye":1,"minecraft:iron_chestplate":2,"minecraft:wooden_pickaxe":1,"alexscaves:cave_tablet":2,"minecraft:orange_banner":7,"minecraft:potion":3,"tombstone:grave_key":1,"minecraft:shield":1,"ars_nouveau:amplify_arrow":26,"minecraft:string":8,"relics:magic_mirror":1,"minecraft:iron_axe":1,"minecraft:iron_leggings":1,"iceandfire:armor_silver_metal_leggings":1,"dynamictrees:oak_seed":3,"minecraft:iron_nugget":13,"minecraft:poppy":3,"minecraft:iron_pickaxe":1,"delightful:green_tea_leaf":1,"iceandfire:armor_bronze_boots":1,"minecraft:diamond_hoe":1,"minecraft:egg":1,"minecraft:stick":13,"minecraft:torch":24,"minecraft:spruce_stairs":1,"minecraft:arrow":4,"eidolon:silver_sword":2,"minecraft:vex_armor_trim_smithing_template":1,"minecraft:shears":1,"crittersandcompanions:silk":12,"minecraft:totem_of_undying":3,"ars_nouveau:sourceberry_bush":4,"minecraft:obsidian":3,"minecraft:snowball":4,"minecraft:white_wool":2,"minecraft:cobblestone":3,"iceandfire:silver_axe":1,"minecraft:water_bucket":3,"minecraft:leather":1,"minecraft:potato":13,"butchersdelight:deadpig":3,"minecraft:oak_log":7,"iceandfire:ectoplasm":3,"minecraft:gunpowder":5,"minecraft:dirt":3,"minecraft:paper":12,"minecraft:bone":11,"minecraft:apple":7,"minecraft:stone_bricks":2,"minecraft:bow":1,"minecraft:wheat_seeds":1,"minecraft:rabbit_hide":6,"minecraft:glass_bottle":4,"minecraft:oak_planks":59,"minecraft:book":3,"iceandfire:armor_bronze_helmet":1,"minecraft:chiseled_stone_bricks":3,"minecraft:brush":1,"minecraft:raw_iron_block":1,"minecraft:white_bed":2,"minecraft:bundle":1,"toughasnails:water_canteen":1,"minecraft:yellow_carpet":1,"tombstone:scroll_of_knowledge":1,"minecraft:spruce_button":5,"minecraft:spruce_sign":6,"minecraft:emerald":19,"minecraft:bread":38,"minecraft:coal":5,"minecraft:diamond_pickaxe":1},"minecraft:killed_by":{"minecraft:vex":2},"minecraft:broken":{"minecraft:iron_leggings":1,"toughasnails:water_canteen":7,"toughasnails:purified_water_canteen":1},"minecraft:mined":{"minecraft:white_bed":2,"minecraft:grass_block":5,"minecraft:yellow_carpet":1,"minecraft:chiseled_stone_bricks":3,"minecraft:fire":7,"minecraft:vine":1,"crittersandcompanions:silk_cocoon":1,"minecraft:green_carpet":1,"minecraft:stone":3,"minecraft:tall_grass":5,"minecraft:oak_planks":10,"minecraft:grass":1,"minecraft:dirt":3,"minecraft:stone_bricks":2},"minecraft:dropped":{"minecraft:water_bucket":2,"minecraft:spruce_sign":7,"minecraft:bread":3,"eidolon:silver_sword":1,"minecraft:glass_bottle":7,"minecraft:cobblestone":3,"minecraft:book":2,"minecraft:apple":5,"iceandfire:ectoplasm":3,"minecraft:spruce_button":4,"minecraft:emerald":1,"ars_nouveau:worn_notebook":1,"tombstone:grave_key":1,"minecraft:snowball":4,"rpgsmw:class_choose_orb":1,"minecraft:potion":4,"minecraft:sand":1,"minecraft:chainmail_leggings":1,"minecraft:paper":12,"minecraft:white_wool":1,"forbidden_arcanus:edelwood_water_bucket":1,"dynamictrees:oak_seed":3,"minecraft:iron_nugget":4,"minecraft:golden_chestplate":1,"alexsmobs:animal_dictionary":1,"tombstone:gift":1,"minecraft:oak_planks":1,"patchouli:guide_book":2,"minecraft:chiseled_stone_bricks":1,"minecraft:poppy":3,"minecraft:potato":25,"minecraft:orange_banner":5,"minecraft:chainmail_boots":1,"minecraft:stone_bricks":2,"minecraft:arrow":3,"minecraft:bow":1,"minecraft:wooden_pickaxe":2},"minecraft:crafted":{"minecraft:oak_planks":28,"toughasnails:leaf_leggings":1,"iceandfire:armor_silver_metal_leggings":1,"minecraft:glass_bottle":3,"minecraft:crafting_table":1,"minecraft:wooden_pickaxe":1,"minecraft:bread":21,"minecraft:stick":4,"minecraft:iron_block":3,"minecraft:anvil":1,"eidolon:silver_sword":2,"toughasnails:empty_canteen":1},"minecraft:custom":{"minecraft:mob_kills":35,"minecraft:interact_with_anvil":4,"minecraft:animals_bred":7,"minecraft:interact_with_crafting_table":9,"minecraft:leave_game":6,"minecraft:time_since_death":28226,"minecraft:climb_one_cm":36,"minecraft:sprint_one_cm":493590,"minecraft:walk_one_cm":207750,"minecraft:damage_blocked_by_shield":130,"minecraft:drop":76,"minecraft:play_time":125842,"minecraft:deaths":11,"minecraft:sneak_time":2131,"minecraft:walk_under_water_one_cm":13641,"minecraft:interact_with_brewingstand":3,"minecraft:jump":3158,"minecraft:walk_on_water_one_cm":25617,"minecraft:total_world_time":125842,"minecraft:interact_with_furnace":1,"tombstone:raider_killed":28,"minecraft:sleep_in_bed":7,"minecraft:time_since_rest":16221,"minecraft:waystone_activated":1,"minecraft:damage_taken":4542,"minecraft:trigger_trapped_chest":2,"minecraft:damage_dealt":12263,"minecraft:swim_one_cm":40254,"minecraft:fly_one_cm":726460,"minecraft:open_chest":94,"minecraft:crouch_one_cm":1666,"tombstone:undead_killed":2,"minecraft:fall_one_cm":79284}},"DataVersion":3465}