{"stats":{"minecraft:killed_by":{"minecraft:vex":2},"minecraft:broken":{"minecraft:iron_leggings":1,"toughasnails:water_canteen":9,"iceandfire:armor_bronze_helmet":1,"toughasnails:purified_water_canteen":3,"minecraft:bow":1},"minecraft:dropped":{"minecraft:water_bucket":2,"minecraft:spruce_sign":7,"minecraft:bread":3,"eidolon:silver_sword":1,"minecraft:glass_bottle":10,"minecraft:cobblestone":3,"minecraft:book":2,"minecraft:apple":5,"delightful:mini_melon":1,"iceandfire:ectoplasm":3,"minecraft:spruce_button":4,"minecraft:emerald":1,"minecraft:oxeye_daisy":1,"ars_nouveau:worn_notebook":1,"minecraft:stone_button":8,"tombstone:grave_key":1,"minecraft:snowball":4,"rpgsmw:class_choose_orb":1,"minecraft:potion":4,"minecraft:sand":3,"minecraft:chainmail_leggings":1,"minecraft:paper":12,"minecraft:pink_petals":5,"minecraft:white_wool":1,"minecraft:dandelion":1,"forbidden_arcanus:edelwood_water_bucket":1,"dynamictrees:oak_seed":3,"minecraft:iron_nugget":4,"minecraft:golden_chestplate":1,"alexsmobs:animal_dictionary":1,"minecraft:wheat":4,"tombstone:gift":1,"minecraft:oak_planks":1,"minecraft:shears":1,"patchouli:guide_book":2,"minecraft:chiseled_stone_bricks":1,"minecraft:poppy":3,"minecraft:potato":25,"minecraft:orange_banner":5,"minecraft:chainmail_boots":1,"minecraft:stone_bricks":2,"minecraft:arrow":3,"minecraft:bow":1,"minecraft:wooden_pickaxe":2},"minecraft:custom":{"minecraft:mob_kills":40,"minecraft:interact_with_anvil":5,"minecraft:animals_bred":7,"minecraft:interact_with_crafting_table":12,"minecraft:leave_game":7,"minecraft:time_since_death":3673,"minecraft:climb_one_cm":102,"minecraft:sprint_one_cm":609352,"minecraft:walk_one_cm":246593,"minecraft:damage_blocked_by_shield":130,"minecraft:drop":86,"minecraft:play_time":170510,"minecraft:deaths":14,"minecraft:sneak_time":12234,"minecraft:walk_under_water_one_cm":17488,"minecraft:interact_with_brewingstand":3,"minecraft:jump":3772,"minecraft:walk_on_water_one_cm":33712,"minecraft:total_world_time":170510,"minecraft:interact_with_furnace":1,"tombstone:raider_killed":28,"minecraft:sleep_in_bed":10,"minecraft:time_since_rest":3085,"minecraft:waystone_activated":1,"minecraft:damage_taken":6752,"minecraft:trigger_trapped_chest":2,"minecraft:damage_dealt":14581,"tombstone:cast_on_ally":0,"minecraft:swim_one_cm":46369,"minecraft:fly_one_cm":832677,"minecraft:open_chest":135,"minecraft:crouch_one_cm":8593,"tombstone:undead_killed":6,"minecraft:fall_one_cm":105556},"minecraft:picked_up":{"irons_spellbooks:scroll":1,"ars_nouveau:caster_tome":1,"endrem:magical_eye":1,"minecraft:iron_chestplate":2,"minecraft:wheat":3,"minecraft:wooden_pickaxe":1,"alexscaves:cave_tablet":2,"minecraft:orange_banner":7,"minecraft:potion":3,"tombstone:grave_key":1,"minecraft:shield":1,"ars_nouveau:amplify_arrow":26,"minecraft:string":8,"iceandfire:frozen_splinters":1,"relics:magic_mirror":1,"minecraft:iron_axe":1,"minecraft:iron_leggings":1,"iceandfire:armor_silver_metal_leggings":1,"dynamictrees:oak_seed":5,"minecraft:iron_nugget":13,"minecraft:poppy":3,"minecraft:iron_pickaxe":1,"delightful:green_tea_leaf":1,"iceandfire:armor_bronze_boots":1,"minecraft:diamond_hoe":1,"minecraft:egg":1,"minecraft:stick":18,"minecraft:torch":24,"minecraft:spruce_stairs":1,"minecraft:stone_button":2,"tombstone:grave_dust":2,"eidolon:tattered_cloth":2,"minecraft:arrow":4,"eidolon:silver_sword":2,"minecraft:vex_armor_trim_smithing_template":1,"minecraft:shears":1,"crittersandcompanions:silk":12,"minecraft:totem_of_undying":3,"ars_nouveau:sourceberry_bush":4,"minecraft:obsidian":3,"minecraft:snowball":4,"minecraft:white_wool":2,"minecraft:cobblestone":3,"minecraft:oxeye_daisy":1,"iceandfire:silver_axe":1,"minecraft:pink_petals":5,"minecraft:water_bucket":3,"minecraft:leather":1,"minecraft:potato":13,"butchersdelight:deadpig":3,"gamma_beasts:green_apple":3,"minecraft:oak_log":15,"iceandfire:ectoplasm":3,"minecraft:gunpowder":5,"minecraft:dirt":19,"minecraft:paper":12,"minecraft:bone":12,"minecraft:apple":7,"minecraft:stone_bricks":2,"minecraft:bow":1,"delightful:mini_melon":1,"minecraft:wheat_seeds":1,"minecraft:rabbit_hide":6,"minecraft:glass_bottle":4,"minecraft:oak_planks":60,"minecraft:book":3,"iceandfire:armor_bronze_helmet":1,"minecraft:chiseled_stone_bricks":3,"minecraft:brush":1,"minecraft:dandelion":1,"minecraft:raw_iron_block":1,"minecraft:sand":2,"minecraft:white_bed":2,"minecraft:bundle":1,"toughasnails:water_canteen":1,"minecraft:yellow_carpet":1,"tombstone:scroll_of_knowledge":1,"minecraft:spruce_button":5,"minecraft:spruce_sign":6,"minecraft:emerald":19,"minecraft:bread":38,"minecraft:coal":5,"minecraft:diamond_pickaxe":1},"minecraft:crafted":{"minecraft:oak_planks":60,"toughasnails:leaf_leggings":1,"iceandfire:armor_silver_metal_leggings":1,"minecraft:chest":2,"minecraft:glass_bottle":3,"minecraft:crafting_table":1,"minecraft:wooden_pickaxe":1,"minecraft:bread":42,"minecraft:stick":4,"minecraft:iron_block":3,"minecraft:anvil":1,"eidolon:silver_sword":2,"toughasnails:empty_canteen":1},"minecraft:killed":{"illagerinvasion:archivist":5,"minecraft:evoker":2,"minecraft:vex":2,"minecraft:vindicator":9,"illagerinvasion:marauder":5,"illagerinvasion:basher":3,"minecraft:horse":2,"minecraft:skeleton":2,"eidolon:wraith":1,"illagerinvasion:provoker":2,"minecraft:zombie_villager":1,"illagerinvasion:alchemist":2,"iceandfire:ghost":2,"ars_nouveau:whirlisprig":1},"minecraft:used":{"minecraft:chest":2,"minecraft:shield":7,"dynamictrees:oak_seed":2,"minecraft:iron_chestplate":4,"minecraft:dirt":1,"minecraft:anvil":1,"toughasnails:empty_canteen":13,"minecraft:spruce_stairs":2,"eidolon:silver_sword":331,"minecraft:iron_axe":5,"minecraft:spruce_button":1,"iceandfire:armor_silver_metal_leggings":9,"minecraft:bow":384,"minecraft:egg":1,"minecraft:potato":2,"forbidden_arcanus:edelwood_bucket":6,"minecraft:water_bucket":65,"toughasnails:leaf_leggings":6,"tombstone:scroll_of_reach":1,"minecraft:glass_bottle":23,"minecraft:oak_planks":46,"minecraft:wooden_pickaxe":2,"toughasnails:water_canteen":107,"minecraft:white_wool":1,"forbidden_arcanus:edelwood_water_bucket":5,"minecraft:crafting_table":1,"minecraft:white_bed":1,"iceandfire:silver_axe":19,"minecraft:bread":78,"minecraft:iron_pickaxe":15,"toughasnails:leaf_chestplate":1,"minecraft:chiseled_stone_bricks":2,"minecraft:potion":27,"minecraft:orange_banner":2,"minecraft:chainmail_boots":1,"toughasnails:purified_water_canteen":19,"minecraft:bucket":66,"minecraft:air":4,"minecraft:diamond_leggings":5,"minecraft:experience_bottle":3},"minecraft:mined":{"minecraft:white_bed":2,"minecraft:grass_block":6,"minecraft:yellow_carpet":1,"iceandfire:frozen_splinters":1,"minecraft:chiseled_stone_bricks":3,"minecraft:fire":7,"minecraft:vine":1,"crittersandcompanions:silk_cocoon":1,"minecraft:green_carpet":1,"minecraft:stone":3,"iceandfire:dragon_ice_spikes":7,"minecraft:tall_grass":5,"minecraft:oak_planks":11,"minecraft:grass":2,"minecraft:dirt":3,"minecraft:stone_bricks":2}},"DataVersion":3465}