{"stats":{"minecraft:killed_by":{"minecraft:vex":2},"minecraft:broken":{"minecraft:iron_leggings":1,"iceandfire:armor_bronze_boots":1,"toughasnails:water_canteen":10,"iceandfire:armor_bronze_helmet":1,"toughasnails:purified_water_canteen":5,"minecraft:bow":1,"eidolon:silver_sword":1,"iceandfire:silver_axe":1},"minecraft:dropped":{"minecraft:water_bucket":2,"minecraft:spruce_sign":7,"minecraft:bread":5,"minecraft:wheat_seeds":2,"eidolon:silver_sword":1,"minecraft:glass_bottle":10,"minecraft:cobblestone":3,"minecraft:book":2,"minecraft:apple":5,"delightful:green_tea_leaf":11,"iceandfire:ectoplasm":3,"minecraft:spruce_button":4,"delightful:mini_melon":1,"minecraft:coal":1,"minecraft:stick":77,"minecraft:emerald":1,"minecraft:oxeye_daisy":1,"ars_nouveau:worn_notebook":1,"minecraft:stone_button":8,"tombstone:grave_key":1,"minecraft:snowball":4,"rpgsmw:class_choose_orb":1,"minecraft:potion":4,"minecraft:sand":3,"minecraft:chainmail_leggings":1,"minecraft:paper":12,"minecraft:pink_petals":5,"minecraft:white_wool":1,"minecraft:dandelion":2,"forbidden_arcanus:edelwood_water_bucket":1,"dynamictrees:oak_seed":3,"minecraft:iron_nugget":4,"minecraft:golden_chestplate":1,"alexsmobs:animal_dictionary":1,"minecraft:wheat":4,"tombstone:gift":1,"minecraft:oak_planks":1,"minecraft:azure_bluet":2,"minecraft:shears":1,"patchouli:guide_book":2,"minecraft:chiseled_stone_bricks":1,"minecraft:poppy":3,"minecraft:potato":25,"minecraft:orange_banner":5,"minecraft:chainmail_boots":1,"minecraft:stone_bricks":2,"minecraft:bow":1,"minecraft:arrow":3,"minecraft:wooden_pickaxe":2},"minecraft:custom":{"minecraft:mob_kills":44,"minecraft:interact_with_anvil":6,"minecraft:animals_bred":24,"minecraft:interact_with_crafting_table":18,"minecraft:leave_game":8,"minecraft:time_since_death":150539,"minecraft:climb_one_cm":102,"minecraft:sprint_one_cm":828224,"minecraft:walk_one_cm":355086,"minecraft:damage_blocked_by_shield":130,"minecraft:drop":108,"minecraft:play_time":343300,"minecraft:deaths":19,"minecraft:sneak_time":14391,"minecraft:walk_under_water_one_cm":25671,"minecraft:interact_with_brewingstand":3,"minecraft:jump":4874,"minecraft:walk_on_water_one_cm":56851,"minecraft:total_world_time":343300,"minecraft:interact_with_furnace":3,"tombstone:raider_killed":29,"minecraft:sleep_in_bed":16,"minecraft:time_since_rest":10526,"minecraft:waystone_activated":2,"minecraft:damage_taken":8635,"minecraft:trigger_trapped_chest":2,"minecraft:damage_dealt":16473,"tombstone:cast_on_ally":0,"minecraft:swim_one_cm":55876,"minecraft:fly_one_cm":1042541,"minecraft:open_chest":190,"minecraft:crouch_one_cm":12819,"tombstone:undead_killed":7,"minecraft:fall_one_cm":137894},"minecraft:picked_up":{"irons_spellbooks:scroll":1,"ars_nouveau:caster_tome":1,"endrem:magical_eye":1,"minecraft:iron_chestplate":2,"minecraft:wheat":3,"minecraft:azure_bluet":2,"minecraft:stone_slab":2,"minecraft:wooden_pickaxe":1,"alexscaves:cave_tablet":2,"minecraft:orange_banner":7,"minecraft:potion":3,"tombstone:grave_key":1,"minecraft:shield":1,"ars_nouveau:amplify_arrow":26,"minecraft:string":8,"iceandfire:frozen_splinters":1,"relics:magic_mirror":1,"minecraft:iron_axe":1,"minecraft:iron_leggings":1,"butchersdelight:dead_cow":1,"iceandfire:armor_silver_metal_leggings":1,"dynamictrees:oak_seed":40,"minecraft:iron_nugget":15,"minecraft:poppy":3,"minecraft:iron_pickaxe":1,"delightful:green_tea_leaf":12,"iceandfire:armor_bronze_boots":1,"minecraft:diamond_hoe":1,"iceandfire:ice_dragon_heart":1,"minecraft:egg":1,"minecraft:stick":165,"iceandfire:dragonbone":7,"minecraft:torch":24,"minecraft:acacia_log":8,"minecraft:spruce_stairs":1,"minecraft:stone_button":2,"tombstone:grave_dust":2,"iceandfire:dragon_skull_ice":2,"eidolon:tattered_cloth":2,"minecraft:arrow":4,"eidolon:silver_sword":2,"minecraft:vex_armor_trim_smithing_template":1,"minecraft:shears":1,"iceandfire:dragonscales_silver":13,"crittersandcompanions:silk":17,"minecraft:totem_of_undying":3,"ars_nouveau:sourceberry_bush":4,"minecraft:obsidian":3,"minecraft:snowball":4,"minecraft:white_wool":2,"minecraft:cobblestone":3,"minecraft:oxeye_daisy":1,"iceandfire:silver_axe":1,"minecraft:pink_petals":5,"minecraft:water_bucket":3,"minecraft:leather":1,"minecraft:potato":13,"butchersdelight:deadpig":3,"minecraft:oak_log":127,"gamma_beasts:green_apple":3,"iceandfire:ectoplasm":3,"minecraft:gunpowder":5,"minecraft:dirt":21,"minecraft:paper":12,"minecraft:bone":12,"minecraft:apple":7,"minecraft:stone_bricks":2,"minecraft:bow":1,"delightful:mini_melon":1,"minecraft:wheat_seeds":3,"minecraft:rabbit_hide":6,"minecraft:glass_bottle":4,"minecraft:oak_planks":60,"minecraft:book":3,"iceandfire:armor_bronze_helmet":1,"minecraft:chiseled_stone_bricks":3,"minecraft:brush":1,"minecraft:dandelion":2,"minecraft:raw_iron_block":1,"minecraft:sand":2,"dynamictrees:acacia_seed":5,"minecraft:white_bed":3,"minecraft:bundle":1,"toughasnails:water_canteen":1,"minecraft:yellow_carpet":1,"tombstone:scroll_of_knowledge":1,"waystones:waystone":1,"iceandfire:ice_dragon_flesh":2,"minecraft:spruce_button":5,"minecraft:spruce_sign":6,"minecraft:emerald":19,"minecraft:bread":40,"minecraft:coal":6,"minecraft:diamond_pickaxe":1},"minecraft:crafted":{"minecraft:oak_planks":72,"iceandfire:armor_silver_boots":1,"toughasnails:leaf_leggings":1,"iceandfire:armor_silver_metal_leggings":1,"minecraft:chest":4,"minecraft:wheat":801,"minecraft:glass_bottle":3,"minecraft:crafting_table":2,"minecraft:wooden_pickaxe":1,"rpgsmw:miphrilignot":15,"minecraft:bread":284,"minecraft:acacia_boat":1,"minecraft:air":0,"minecraft:stick":4,"minecraft:iron_block":3,"minecraft:anvil":1,"minecraft:acacia_planks":32,"eidolon:silver_sword":2,"iceandfire:armor_silver_helmet":1,"toughasnails:empty_canteen":1},"minecraft:killed":{"illagerinvasion:archivist":5,"minecraft:evoker":2,"minecraft:vex":2,"minecraft:vindicator":9,"illagerinvasion:marauder":6,"illagerinvasion:basher":3,"minecraft:horse":2,"minecraft:skeleton":2,"eidolon:wraith":1,"illagerinvasion:provoker":2,"minecraft:zombie_villager":1,"naturalist:butterfly":1,"illagerinvasion:alchemist":2,"minecraft:zombie":1,"iceandfire:ghost":2,"ars_nouveau:whirlisprig":1,"iceandfire:ice_dragon":1},"minecraft:used":{"minecraft:oak_fence":2,"iceandfire:dragon_skull_ice":2,"minecraft:chest":4,"minecraft:shield":7,"dynamictrees:oak_seed":2,"minecraft:iron_chestplate":4,"minecraft:dirt":18,"minecraft:anvil":1,"toughasnails:empty_canteen":16,"minecraft:spruce_stairs":2,"eidolon:silver_sword":369,"minecraft:iron_axe":6,"minecraft:spruce_button":1,"iceandfire:armor_silver_metal_leggings":9,"minecraft:bow":384,"minecraft:egg":1,"minecraft:potato":2,"forbidden_arcanus:edelwood_bucket":6,"eidolon:silver_shovel":64,"minecraft:acacia_boat":1,"minecraft:water_bucket":80,"toughasnails:leaf_leggings":6,"tombstone:scroll_of_reach":1,"minecraft:glass_bottle":23,"minecraft:oak_planks":47,"minecraft:wooden_pickaxe":2,"toughasnails:water_canteen":123,"minecraft:white_wool":1,"forbidden_arcanus:edelwood_water_bucket":5,"minecraft:crafting_table":2,"minecraft:white_bed":2,"iceandfire:silver_axe":74,"waystones:waystone":1,"minecraft:diamond_pickaxe":84,"minecraft:bread":100,"minecraft:iron_pickaxe":15,"dynamictrees:acacia_seed":5,"toughasnails:leaf_chestplate":1,"minecraft:chiseled_stone_bricks":2,"minecraft:potion":27,"minecraft:orange_banner":2,"minecraft:chainmail_boots":1,"toughasnails:purified_water_canteen":34,"minecraft:bucket":81,"minecraft:air":4,"minecraft:diamond_leggings":5,"minecraft:experience_bottle":3},"minecraft:mined":{"minecraft:white_bed":3,"minecraft:grass_block":29,"minecraft:yellow_carpet":1,"iceandfire:frozen_splinters":2,"minecraft:chiseled_stone_bricks":3,"minecraft:fire":7,"minecraft:vine":1,"crittersandcompanions:silk_cocoon":1,"minecraft:green_carpet":1,"minecraft:stone":3,"iceandfire:dragon_ice_spikes":74,"minecraft:andesite_slab":3,"minecraft:stone_slab":10,"minecraft:tall_grass":8,"minecraft:oak_planks":11,"minecraft:ice":1,"minecraft:grass":13,"minecraft:oak_log":8,"minecraft:gravel":2,"minecraft:dirt":45,"minecraft:stone_bricks":2}},"DataVersion":3465}