{"stats":{"minecraft:used":{"minecraft:iron_pickaxe":3,"minecraft:shield":7,"iceandfire:silver_axe":8},"minecraft:picked_up":{"irons_spellbooks:scroll":1,"iceandfire:silver_axe":1,"ars_nouveau:caster_tome":1,"minecraft:stick":13,"minecraft:iron_chestplate":1,"iceandfire:armor_bronze_helmet":1,"minecraft:water_bucket":1,"minecraft:brush":1,"minecraft:torch":24,"minecraft:raw_iron_block":1,"alexscaves:cave_tablet":2,"minecraft:oak_log":7,"tombstone:grave_key":1,"minecraft:shield":1,"minecraft:gunpowder":5,"ars_nouveau:amplify_arrow":26,"minecraft:string":8,"relics:magic_mirror":1,"minecraft:bundle":1,"minecraft:iron_leggings":1,"minecraft:bone":11,"toughasnails:water_canteen":1,"minecraft:apple":7,"minecraft:vex_armor_trim_smithing_template":1,"tombstone:scroll_of_knowledge":1,"minecraft:shears":1,"minecraft:rabbit_hide":5,"crittersandcompanions:silk":8,"minecraft:poppy":2,"minecraft:bread":36,"minecraft:emerald":1,"dynamictrees:oak_seed":3,"minecraft:iron_pickaxe":1,"ars_nouveau:sourceberry_bush":4,"delightful:green_tea_leaf":1,"iceandfire:armor_bronze_boots":1,"minecraft:obsidian":3,"minecraft:oak_planks":48,"minecraft:coal":2,"minecraft:diamond_hoe":1,"minecraft:cobblestone":3,"minecraft:diamond_pickaxe":1},"minecraft:broken":{"minecraft:iron_leggings":1},"minecraft:mined":{"minecraft:stone":3},"minecraft:dropped":{"minecraft:poppy":1,"ars_nouveau:worn_notebook":1,"alexsmobs:animal_dictionary":1,"tombstone:grave_key":1,"rpgsmw:class_choose_orb":1,"patchouli:guide_book":2},"minecraft:custom":{"minecraft:time_since_rest":0,"minecraft:sprint_one_cm":11496,"minecraft:damage_taken":261,"minecraft:walk_one_cm":12379,"minecraft:damage_blocked_by_shield":130,"minecraft:drop":7,"minecraft:damage_dealt":95,"minecraft:fly_one_cm":59412,"minecraft:crouch_one_cm":407,"minecraft:play_time":8592,"minecraft:deaths":1,"minecraft:sneak_time":641,"minecraft:jump":51,"minecraft:sleep_in_bed":1,"minecraft:time_since_death":754,"minecraft:walk_on_water_one_cm":294,"minecraft:total_world_time":8592,"minecraft:fall_one_cm":502}},"DataVersion":3465}