{"stats":{"minecraft:mined":{"minecraft:dark_oak_planks":5,"minecraft:white_bed":3,"gamma_beasts:roble_hoja_1":13,"minecraft:farmland":1,"gamma_beasts:thin_acacia_log":11,"minecraft:grass_block":217,"minecraft:yellow_carpet":1,"minecraft:chiseled_stone_bricks":3,"minecraft:fire":10,"minecraft:green_carpet":1,"minecraft:green_bed":35,"iceandfire:dragon_ice_spikes":87,"minecraft:poppy":2,"minecraft:chest":1,"minecraft:glass":1,"minecraft:oak_planks":11,"minecraft:dark_oak_slab":8,"minecraft:mud":1,"minecraft:grass":140,"minecraft:oak_log":8,"minecraft:loom":1,"minecraft:sand":156,"minecraft:dirt":190,"minecraft:stonecutter":1,"iceandfire:silver_ore":1,"farmersdelight:wild_carrots":1,"gamma_beasts:roblo_hoja":4,"minecraft:dark_oak_fence":22,"iceandfire:frozen_splinters":2,"minecraft:hay_block":8,"farmersdelight:wild_onions":2,"minecraft:carrots":100,"minecraft:vine":1,"crittersandcompanions:silk_cocoon":1,"minecraft:stone":276,"minecraft:dandelion":7,"minecraft:oak_fence":2,"minecraft:cornflower":1,"minecraft:andesite_slab":9,"minecraft:stone_slab":17,"minecraft:tall_grass":22,"minecraft:ice":1,"gamma_beasts:thin_oak_log":15,"minecraft:gravel":9,"minecraft:stone_bricks":7},"minecraft:picked_up":{"irons_spellbooks:scroll":1,"ars_nouveau:caster_tome":1,"gamma_beasts:thin_oak_log":15,"minecraft:iron_chestplate":2,"minecraft:wheat":4,"minecraft:stone_slab":34,"alexscaves:cave_tablet":2,"minecraft:potion":3,"tombstone:grave_key":1,"minecraft:string":8,"relics:magic_mirror":2,"minecraft:iron_leggings":1,"dynamictrees:oak_seed":40,"minecraft:iron_pickaxe":1,"delightful:green_tea_leaf":12,"iceandfire:armor_bronze_boots":1,"minecraft:stick":165,"minecraft:oak_fence":2,"minecraft:acacia_log":8,"minecraft:torch":24,"minecraft:green_bed":35,"minecraft:spruce_stairs":1,"tombstone:grave_dust":4,"eidolon:tattered_cloth":2,"eidolon:silver_sword":2,"minecraft:rotten_flesh":3,"minecraft:vex_armor_trim_smithing_template":1,"ars_nouveau:sourceberry_bush":4,"minecraft:obsidian":3,"minecraft:snowball":4,"minecraft:cobblestone":276,"minecraft:pink_petals":5,"minecraft:water_bucket":3,"minecraft:potato":13,"butchersdelight:deadpig":3,"gamma_beasts:oak_leaf":13,"minecraft:dirt":415,"minecraft:bone":12,"minecraft:acacia_planks":3,"minecraft:stonecutter":1,"minecraft:bow":1,"delightful:mini_melon":1,"minecraft:wheat_seeds":24,"minecraft:oak_planks":60,"iceandfire:dragon_skull_fire":3,"minecraft:sand":158,"dynamictrees:acacia_seed":5,"minecraft:loom":1,"minecraft:bundle":1,"toughasnails:water_canteen":1,"minecraft:yellow_carpet":1,"waystones:waystone":1,"minecraft:crossbow":1,"minecraft:bread":46,"minecraft:spruce_button":5,"minecraft:spruce_sign":6,"minecraft:emerald":19,"minecraft:dark_oak_fence":22,"iceandfire:raw_silver":1,"minecraft:andesite_slab":20,"minecraft:diamond_pickaxe":1,"minecraft:mud":1,"endrem:magical_eye":1,"minecraft:azure_bluet":2,"minecraft:wooden_pickaxe":1,"minecraft:orange_banner":7,"minecraft:shield":2,"ars_nouveau:amplify_arrow":26,"minecraft:cornflower":2,"iceandfire:frozen_splinters":1,"minecraft:iron_axe":1,"butchersdelight:dead_cow":1,"iceandfire:armor_silver_metal_leggings":1,"minecraft:iron_nugget":15,"minecraft:poppy":4,"minecraft:light_gray_wool":1,"minecraft:chest":1,"minecraft:diamond_hoe":1,"iceandfire:ice_dragon_heart":1,"minecraft:egg":1,"iceandfire:dragonbone":7,"minecraft:stone_button":2,"minecraft:carrot":359,"minecraft:dark_oak_planks":5,"iceandfire:dragon_skull_ice":3,"minecraft:arrow":4,"iceandfire:dragonscales_silver":13,"minecraft:shears":1,"minecraft:hay_block":8,"crittersandcompanions:silk":17,"minecraft:totem_of_undying":3,"minecraft:white_wool":2,"minecraft:oxeye_daisy":3,"iceandfire:silver_axe":1,"minecraft:leather":1,"gamma_beasts:green_apple":15,"minecraft:oak_log":127,"iceandfire:ectoplasm":3,"minecraft:gunpowder":5,"minecraft:paper":12,"minecraft:apple":7,"minecraft:stone_bricks":7,"minecraft:rabbit_hide":6,"minecraft:glass_bottle":4,"minecraft:book":3,"minecraft:dark_oak_slab":8,"iceandfire:armor_bronze_helmet":1,"minecraft:sweet_berries":3,"minecraft:chiseled_stone_bricks":3,"minecraft:brush":1,"minecraft:dandelion":10,"minecraft:raw_iron_block":1,"minecraft:gravel":9,"gamma_beasts:thin_acacia_log":11,"minecraft:white_bed":3,"tombstone:scroll_of_knowledge":1,"iceandfire:ice_dragon_flesh":2,"minecraft:coal":6},"minecraft:custom":{"minecraft:animals_bred":66,"minecraft:interact_with_crafting_table":32,"minecraft:open_barrel":1,"minecraft:eat_cake_slice":2,"minecraft:leave_game":11,"minecraft:time_since_death":88530,"minecraft:sprint_one_cm":1563917,"minecraft:damage_blocked_by_shield":130,"minecraft:drop":171,"minecraft:talked_to_villager":13,"minecraft:play_time":580225,"minecraft:deaths":24,"minecraft:jump":7558,"minecraft:interact_with_brewingstand":3,"minecraft:walk_on_water_one_cm":75891,"minecraft:interact_with_furnace":36,"minecraft:sleep_in_bed":31,"minecraft:waystone_activated":2,"minecraft:damage_dealt":17062,"minecraft:crouch_one_cm":21725,"tombstone:undead_killed":8,"minecraft:mob_kills":45,"minecraft:interact_with_anvil":6,"minecraft:climb_one_cm":8671,"minecraft:walk_one_cm":695191,"minecraft:sneak_time":18507,"minecraft:walk_under_water_one_cm":40690,"minecraft:total_world_time":580225,"tombstone:raider_killed":30,"minecraft:time_since_rest":2412,"minecraft:damage_taken":10702,"minecraft:trigger_trapped_chest":2,"tombstone:cast_on_ally":0,"minecraft:swim_one_cm":70070,"minecraft:fly_one_cm":1564306,"minecraft:open_chest":267,"minecraft:fall_one_cm":201642},"minecraft:dropped":{"minecraft:spruce_sign":7,"minecraft:loom":1,"minecraft:glass_bottle":10,"minecraft:dark_oak_slab":8,"iceandfire:ectoplasm":3,"minecraft:emerald":1,"minecraft:dirt":2,"minecraft:stone_button":8,"minecraft:cornflower":2,"minecraft:snowball":4,"minecraft:sand":3,"minecraft:dark_oak_planks":4,"minecraft:white_wool":1,"minecraft:gravel":9,"dynamictrees:oak_seed":3,"minecraft:iron_nugget":4,"minecraft:golden_chestplate":1,"alexsmobs:animal_dictionary":1,"minecraft:andesite_slab":20,"minecraft:wheat":4,"tombstone:gift":1,"minecraft:oak_planks":4,"minecraft:azure_bluet":2,"minecraft:carrot":183,"patchouli:guide_book":2,"minecraft:chiseled_stone_bricks":1,"minecraft:poppy":4,"minecraft:orange_banner":5,"minecraft:chainmail_boots":1,"minecraft:arrow":3,"minecraft:water_bucket":2,"minecraft:bread":12,"minecraft:wheat_seeds":23,"eidolon:silver_sword":1,"minecraft:cobblestone":3,"minecraft:book":2,"delightful:green_tea_leaf":11,"minecraft:apple":5,"delightful:mini_melon":1,"minecraft:spruce_button":4,"minecraft:coal":1,"minecraft:stick":77,"minecraft:oxeye_daisy":3,"ars_nouveau:worn_notebook":1,"tombstone:grave_key":1,"rpgsmw:class_choose_orb":1,"minecraft:potion":4,"minecraft:stonecutter":1,"minecraft:chainmail_leggings":1,"minecraft:paper":12,"minecraft:pink_petals":5,"minecraft:acacia_planks":11,"minecraft:dandelion":10,"forbidden_arcanus:edelwood_water_bucket":1,"minecraft:light_gray_wool":1,"minecraft:shears":1,"minecraft:potato":25,"relics:magic_mirror":1,"minecraft:stone_bricks":5,"minecraft:bow":1,"minecraft:wooden_pickaxe":2},"minecraft:used":{"minecraft:diamond_hoe":84,"iceandfire:dragon_skull_ice":3,"minecraft:chest":4,"minecraft:shield":7,"minecraft:rotten_flesh":2,"minecraft:iron_chestplate":4,"minecraft:carrot":411,"minecraft:glass":147,"minecraft:lava_bucket":10,"iceandfire:armor_silver_metal_leggings":9,"minecraft:stone_bricks":2,"minecraft:bow":384,"minecraft:sweet_berries":3,"minecraft:egg":1,"minecraft:potato":2,"forbidden_arcanus:edelwood_bucket":6,"eidolon:silver_shovel":82,"minecraft:oak_planks":47,"minecraft:wooden_pickaxe":2,"minecraft:composter":1,"toughasnails:water_canteen":166,"minecraft:white_wool":1,"minecraft:sand":1,"iceandfire:silver_axe":125,"waystones:waystone":1,"minecraft:bread":137,"dynamictrees:acacia_seed":5,"iceandfire:dragon_skull_fire":3,"minecraft:chainmail_boots":1,"minecraft:oak_boat":1,"minecraft:air":4,"minecraft:bone_meal":234,"minecraft:experience_bottle":3,"minecraft:oak_fence":4,"dynamictrees:oak_seed":2,"minecraft:torch":12,"minecraft:dirt":191,"minecraft:anvil":1,"toughasnails:empty_canteen":24,"minecraft:spruce_stairs":2,"eidolon:silver_sword":369,"minecraft:dark_oak_planks":1,"minecraft:iron_axe":6,"minecraft:spruce_button":1,"tombstone:gift":2,"minecraft:acacia_boat":3,"minecraft:water_bucket":103,"toughasnails:leaf_leggings":6,"tombstone:scroll_of_reach":1,"minecraft:glass_bottle":23,"minecraft:green_bed":35,"forbidden_arcanus:edelwood_water_bucket":5,"minecraft:crafting_table":3,"minecraft:white_bed":3,"minecraft:mud":1,"minecraft:diamond_pickaxe":389,"minecraft:iron_pickaxe":16,"toughasnails:leaf_chestplate":1,"minecraft:chiseled_stone_bricks":2,"minecraft:cobblestone":2,"minecraft:potion":27,"minecraft:orange_banner":2,"toughasnails:purified_water_canteen":55,"minecraft:bucket":113,"iceandfire:silver_shovel":460,"minecraft:diamond_leggings":5},"minecraft:killed_by":{"minecraft:vex":2},"minecraft:crafted":{"minecraft:oak_planks":102,"iceandfire:armor_silver_boots":1,"iceandfire:silver_shovel":1,"toughasnails:leaf_leggings":1,"minecraft:glass":155,"iceandfire:armor_silver_metal_leggings":1,"minecraft:chest":4,"eidolon:silver_ingot":17,"iceandfire:silver_axe":1,"minecraft:glass_bottle":3,"minecraft:oak_slab":12,"minecraft:crafting_table":3,"minecraft:wooden_pickaxe":1,"rpgsmw:miphrilignot":15,"minecraft:stick":4,"minecraft:iron_block":3,"minecraft:gold_ingot":14,"minecraft:composter":1,"toughasnails:empty_canteen":1,"minecraft:bone_meal":234,"minecraft:wheat":873,"iceandfire:silver_ingot":10,"minecraft:bread":284,"minecraft:acacia_boat":3,"minecraft:air":0,"minecraft:oak_boat":1,"minecraft:anvil":1,"minecraft:acacia_planks":54,"eidolon:silver_sword":2,"iceandfire:armor_silver_helmet":1},"minecraft:broken":{"minecraft:iron_leggings":1,"iceandfire:armor_bronze_boots":1,"iceandfire:armor_bronze_helmet":1,"iceandfire:silver_shovel":1,"minecraft:bow":1,"eidolon:silver_sword":1,"toughasnails:water_canteen":15,"toughasnails:purified_water_canteen":8,"iceandfire:silver_axe":1,"eidolon:silver_shovel":1},"minecraft:killed":{"illagerinvasion:archivist":5,"illagerinvasion:basher":3,"minecraft:skeleton":2,"illagerinvasion:provoker":2,"minecraft:zombie_villager":1,"illagerinvasion:alchemist":2,"minecraft:zombie":2,"minecraft:vex":2,"minecraft:evoker":2,"minecraft:vindicator":9,"illagerinvasion:marauder":6,"minecraft:horse":2,"eidolon:wraith":1,"naturalist:butterfly":1,"iceandfire:ghost":2,"ars_nouveau:whirlisprig":1,"iceandfire:ice_dragon":1}},"DataVersion":3465}