{"stats":{"minecraft:mined":{"minecraft:dark_oak_planks":5,"minecraft:white_bed":3,"minecraft:farmland":1,"iceandfire:silver_ore":1,"gamma_beasts:thin_acacia_log":11,"farmersdelight:wild_carrots":1,"minecraft:dark_oak_fence":22,"minecraft:grass_block":217,"minecraft:yellow_carpet":1,"iceandfire:frozen_splinters":2,"minecraft:chiseled_stone_bricks":3,"minecraft:hay_block":8,"farmersdelight:wild_onions":2,"minecraft:carrots":100,"minecraft:fire":10,"minecraft:vine":1,"crittersandcompanions:silk_cocoon":1,"minecraft:green_carpet":1,"minecraft:stone":276,"minecraft:green_bed":35,"minecraft:dandelion":7,"minecraft:oak_fence":2,"iceandfire:dragon_ice_spikes":75,"minecraft:cornflower":1,"minecraft:poppy":2,"minecraft:chest":1,"minecraft:andesite_slab":9,"minecraft:stone_slab":17,"minecraft:glass":1,"minecraft:tall_grass":10,"minecraft:oak_planks":11,"minecraft:dark_oak_slab":8,"minecraft:ice":1,"minecraft:sand":156,"gamma_beasts:thin_oak_log":9,"minecraft:grass":49,"minecraft:oak_log":8,"minecraft:loom":1,"minecraft:gravel":9,"minecraft:dirt":190,"minecraft:stone_bricks":7,"minecraft:stonecutter":1},"minecraft:picked_up":{"irons_spellbooks:scroll":1,"endrem:magical_eye":1,"gamma_beasts:thin_oak_log":9,"ars_nouveau:caster_tome":1,"minecraft:iron_chestplate":2,"minecraft:wheat":4,"minecraft:azure_bluet":2,"minecraft:stone_slab":34,"minecraft:wooden_pickaxe":1,"alexscaves:cave_tablet":2,"minecraft:potion":3,"minecraft:orange_banner":7,"tombstone:grave_key":1,"minecraft:shield":2,"minecraft:cornflower":2,"ars_nouveau:amplify_arrow":26,"relics:magic_mirror":1,"minecraft:string":8,"iceandfire:frozen_splinters":1,"minecraft:iron_axe":1,"minecraft:iron_leggings":1,"butchersdelight:dead_cow":1,"iceandfire:armor_silver_metal_leggings":1,"minecraft:poppy":4,"minecraft:iron_nugget":15,"dynamictrees:oak_seed":40,"minecraft:iron_pickaxe":1,"minecraft:light_gray_wool":1,"minecraft:chest":1,"delightful:green_tea_leaf":12,"iceandfire:armor_bronze_boots":1,"minecraft:diamond_hoe":1,"iceandfire:ice_dragon_heart":1,"minecraft:egg":1,"minecraft:stick":165,"iceandfire:dragonbone":7,"minecraft:oak_fence":2,"minecraft:green_bed":35,"minecraft:torch":24,"minecraft:acacia_log":8,"minecraft:spruce_stairs":1,"minecraft:stone_button":2,"tombstone:grave_dust":4,"minecraft:carrot":359,"minecraft:dark_oak_planks":5,"iceandfire:dragon_skull_ice":2,"eidolon:tattered_cloth":2,"minecraft:rotten_flesh":3,"minecraft:arrow":4,"eidolon:silver_sword":2,"minecraft:vex_armor_trim_smithing_template":1,"minecraft:shears":1,"iceandfire:dragonscales_silver":13,"crittersandcompanions:silk":17,"minecraft:hay_block":8,"minecraft:totem_of_undying":3,"ars_nouveau:sourceberry_bush":4,"minecraft:obsidian":3,"minecraft:snowball":4,"minecraft:white_wool":2,"minecraft:cobblestone":276,"minecraft:oxeye_daisy":3,"iceandfire:silver_axe":1,"minecraft:pink_petals":5,"minecraft:water_bucket":3,"minecraft:leather":1,"minecraft:potato":13,"butchersdelight:deadpig":3,"minecraft:oak_log":127,"gamma_beasts:green_apple":3,"iceandfire:ectoplasm":3,"minecraft:gunpowder":5,"minecraft:dirt":415,"minecraft:paper":12,"minecraft:bone":12,"minecraft:acacia_planks":3,"minecraft:apple":7,"minecraft:stone_bricks":7,"minecraft:bow":1,"minecraft:stonecutter":1,"delightful:mini_melon":1,"minecraft:wheat_seeds":14,"minecraft:rabbit_hide":6,"minecraft:glass_bottle":4,"minecraft:oak_planks":60,"minecraft:book":3,"minecraft:dark_oak_slab":8,"minecraft:sweet_berries":3,"iceandfire:armor_bronze_helmet":1,"minecraft:chiseled_stone_bricks":3,"minecraft:brush":1,"minecraft:dandelion":10,"minecraft:raw_iron_block":1,"minecraft:gravel":9,"minecraft:sand":158,"gamma_beasts:thin_acacia_log":11,"dynamictrees:acacia_seed":5,"minecraft:white_bed":3,"minecraft:loom":1,"minecraft:bundle":1,"toughasnails:water_canteen":1,"minecraft:yellow_carpet":1,"tombstone:scroll_of_knowledge":1,"waystones:waystone":1,"minecraft:crossbow":1,"minecraft:spruce_sign":6,"minecraft:emerald":19,"iceandfire:ice_dragon_flesh":2,"minecraft:spruce_button":5,"minecraft:bread":46,"minecraft:dark_oak_fence":22,"minecraft:coal":6,"minecraft:andesite_slab":20,"iceandfire:raw_silver":1,"minecraft:diamond_pickaxe":1},"minecraft:custom":{"minecraft:interact_with_anvil":6,"minecraft:mob_kills":45,"minecraft:animals_bred":34,"minecraft:interact_with_crafting_table":28,"minecraft:open_barrel":1,"minecraft:eat_cake_slice":2,"minecraft:leave_game":11,"minecraft:time_since_death":40530,"minecraft:climb_one_cm":8671,"minecraft:sprint_one_cm":1344274,"minecraft:walk_one_cm":648204,"minecraft:damage_blocked_by_shield":130,"minecraft:drop":159,"minecraft:talked_to_villager":12,"minecraft:play_time":532225,"minecraft:deaths":24,"minecraft:sneak_time":17496,"minecraft:walk_under_water_one_cm":40447,"minecraft:interact_with_brewingstand":3,"minecraft:jump":7140,"minecraft:walk_on_water_one_cm":74378,"minecraft:total_world_time":532225,"minecraft:interact_with_furnace":36,"tombstone:raider_killed":30,"minecraft:sleep_in_bed":27,"minecraft:time_since_rest":5764,"minecraft:waystone_activated":2,"minecraft:damage_taken":10639,"minecraft:trigger_trapped_chest":2,"minecraft:damage_dealt":17052,"tombstone:cast_on_ally":0,"minecraft:swim_one_cm":70070,"minecraft:fly_one_cm":1458298,"minecraft:open_chest":244,"minecraft:crouch_one_cm":19130,"tombstone:undead_killed":8,"minecraft:fall_one_cm":191025},"minecraft:dropped":{"minecraft:bread":12,"minecraft:wheat_seeds":13,"eidolon:silver_sword":1,"minecraft:glass_bottle":10,"minecraft:dark_oak_slab":8,"minecraft:cobblestone":3,"minecraft:book":2,"minecraft:apple":5,"delightful:green_tea_leaf":11,"iceandfire:ectoplasm":3,"minecraft:spruce_button":4,"delightful:mini_melon":1,"minecraft:coal":1,"minecraft:emerald":1,"minecraft:stick":77,"minecraft:oxeye_daisy":3,"minecraft:dirt":2,"ars_nouveau:worn_notebook":1,"minecraft:stone_button":8,"minecraft:cornflower":2,"tombstone:grave_key":1,"minecraft:snowball":4,"rpgsmw:class_choose_orb":1,"minecraft:potion":4,"minecraft:stonecutter":1,"minecraft:sand":3,"minecraft:paper":12,"minecraft:chainmail_leggings":1,"minecraft:dark_oak_planks":4,"minecraft:pink_petals":5,"minecraft:white_wool":1,"minecraft:acacia_planks":11,"minecraft:dandelion":10,"minecraft:gravel":9,"forbidden_arcanus:edelwood_water_bucket":1,"minecraft:iron_nugget":4,"dynamictrees:oak_seed":3,"minecraft:golden_chestplate":1,"alexsmobs:animal_dictionary":1,"minecraft:andesite_slab":20,"minecraft:wheat":4,"tombstone:gift":1,"minecraft:light_gray_wool":1,"minecraft:oak_planks":4,"minecraft:azure_bluet":2,"minecraft:carrot":183,"minecraft:shears":1,"patchouli:guide_book":2,"minecraft:chiseled_stone_bricks":1,"minecraft:poppy":4,"minecraft:potato":25,"minecraft:orange_banner":5,"minecraft:chainmail_boots":1,"minecraft:stone_bricks":5,"minecraft:arrow":3,"minecraft:bow":1,"minecraft:wooden_pickaxe":2,"minecraft:spruce_sign":7,"minecraft:water_bucket":2},"minecraft:used":{"minecraft:oak_fence":4,"iceandfire:dragon_skull_ice":2,"minecraft:diamond_hoe":84,"minecraft:chest":4,"minecraft:shield":7,"dynamictrees:oak_seed":2,"minecraft:rotten_flesh":2,"minecraft:iron_chestplate":4,"minecraft:dirt":191,"minecraft:anvil":1,"minecraft:spruce_stairs":2,"toughasnails:empty_canteen":23,"minecraft:carrot":411,"eidolon:silver_sword":369,"minecraft:glass":147,"minecraft:dark_oak_planks":1,"minecraft:lava_bucket":10,"minecraft:iron_axe":6,"minecraft:spruce_button":1,"iceandfire:armor_silver_metal_leggings":9,"minecraft:stone_bricks":2,"minecraft:bow":384,"minecraft:sweet_berries":3,"tombstone:gift":2,"minecraft:egg":1,"minecraft:potato":2,"forbidden_arcanus:edelwood_bucket":6,"eidolon:silver_shovel":82,"minecraft:acacia_boat":3,"minecraft:water_bucket":101,"toughasnails:leaf_leggings":6,"tombstone:scroll_of_reach":1,"minecraft:glass_bottle":23,"minecraft:oak_planks":47,"minecraft:wooden_pickaxe":2,"minecraft:composter":1,"minecraft:green_bed":35,"toughasnails:water_canteen":166,"forbidden_arcanus:edelwood_water_bucket":5,"minecraft:white_wool":1,"minecraft:sand":1,"minecraft:crafting_table":3,"minecraft:white_bed":3,"iceandfire:silver_axe":119,"waystones:waystone":1,"minecraft:diamond_pickaxe":377,"minecraft:bread":129,"minecraft:iron_pickaxe":16,"dynamictrees:acacia_seed":5,"toughasnails:leaf_chestplate":1,"minecraft:chiseled_stone_bricks":2,"minecraft:potion":27,"minecraft:cobblestone":2,"minecraft:orange_banner":2,"minecraft:chainmail_boots":1,"toughasnails:purified_water_canteen":45,"minecraft:bucket":111,"minecraft:oak_boat":1,"iceandfire:silver_shovel":460,"minecraft:air":4,"minecraft:bone_meal":234,"minecraft:experience_bottle":3,"minecraft:diamond_leggings":5},"minecraft:killed_by":{"minecraft:vex":2},"minecraft:crafted":{"minecraft:oak_planks":90,"iceandfire:armor_silver_boots":1,"iceandfire:silver_shovel":1,"minecraft:bone_meal":234,"toughasnails:leaf_leggings":1,"minecraft:glass":155,"iceandfire:armor_silver_metal_leggings":1,"minecraft:chest":4,"eidolon:silver_ingot":17,"minecraft:wheat":801,"iceandfire:silver_axe":1,"minecraft:glass_bottle":3,"minecraft:oak_slab":12,"iceandfire:silver_ingot":10,"minecraft:crafting_table":3,"minecraft:wooden_pickaxe":1,"rpgsmw:miphrilignot":15,"minecraft:acacia_boat":3,"minecraft:bread":284,"minecraft:air":0,"minecraft:oak_boat":1,"minecraft:stick":4,"minecraft:iron_block":3,"minecraft:gold_ingot":14,"minecraft:anvil":1,"minecraft:composter":1,"minecraft:acacia_planks":54,"eidolon:silver_sword":2,"iceandfire:armor_silver_helmet":1,"toughasnails:empty_canteen":1},"minecraft:broken":{"minecraft:iron_leggings":1,"iceandfire:armor_bronze_boots":1,"toughasnails:water_canteen":15,"iceandfire:armor_bronze_helmet":1,"toughasnails:purified_water_canteen":7,"iceandfire:silver_shovel":1,"minecraft:bow":1,"eidolon:silver_sword":1,"iceandfire:silver_axe":1,"eidolon:silver_shovel":1},"minecraft:killed":{"illagerinvasion:archivist":5,"minecraft:evoker":2,"minecraft:vex":2,"minecraft:vindicator":9,"illagerinvasion:marauder":6,"illagerinvasion:basher":3,"minecraft:horse":2,"minecraft:skeleton":2,"eidolon:wraith":1,"illagerinvasion:provoker":2,"minecraft:zombie_villager":1,"naturalist:butterfly":1,"illagerinvasion:alchemist":2,"minecraft:zombie":2,"iceandfire:ghost":2,"ars_nouveau:whirlisprig":1,"iceandfire:ice_dragon":1}},"DataVersion":3465}