{"stats":{"minecraft:killed":{"minecraft:horse":2},"minecraft:used":{"minecraft:water_bucket":9,"toughasnails:leaf_leggings":2,"minecraft:shield":7,"toughasnails:water_canteen":11,"minecraft:iron_chestplate":2,"minecraft:anvil":1,"toughasnails:empty_canteen":2,"iceandfire:silver_axe":12,"eidolon:silver_sword":80,"minecraft:bread":7,"minecraft:iron_pickaxe":3,"iceandfire:armor_silver_metal_leggings":1,"toughasnails:leaf_chestplate":1,"toughasnails:purified_water_canteen":1,"minecraft:bucket":9},"minecraft:picked_up":{"irons_spellbooks:scroll":1,"iceandfire:silver_axe":1,"ars_nouveau:caster_tome":1,"minecraft:iron_chestplate":1,"minecraft:water_bucket":1,"minecraft:leather":1,"alexscaves:cave_tablet":2,"butchersdelight:deadpig":3,"minecraft:oak_log":7,"tombstone:grave_key":1,"minecraft:shield":1,"minecraft:gunpowder":5,"ars_nouveau:amplify_arrow":26,"minecraft:string":8,"relics:magic_mirror":1,"minecraft:iron_leggings":1,"minecraft:bone":11,"minecraft:apple":7,"minecraft:rabbit_hide":5,"minecraft:poppy":3,"dynamictrees:oak_seed":3,"minecraft:iron_pickaxe":1,"delightful:green_tea_leaf":1,"iceandfire:armor_bronze_boots":1,"minecraft:oak_planks":48,"minecraft:diamond_hoe":1,"minecraft:stick":13,"iceandfire:armor_bronze_helmet":1,"minecraft:brush":1,"minecraft:torch":24,"minecraft:raw_iron_block":1,"minecraft:bundle":1,"toughasnails:water_canteen":1,"minecraft:vex_armor_trim_smithing_template":1,"tombstone:scroll_of_knowledge":1,"minecraft:shears":1,"crittersandcompanions:silk":8,"minecraft:emerald":1,"minecraft:bread":36,"ars_nouveau:sourceberry_bush":4,"minecraft:obsidian":3,"minecraft:coal":2,"minecraft:cobblestone":3,"minecraft:diamond_pickaxe":1},"minecraft:broken":{"minecraft:iron_leggings":1,"toughasnails:water_canteen":2},"minecraft:mined":{"minecraft:stone":3},"minecraft:dropped":{"dynamictrees:oak_seed":3,"alexsmobs:animal_dictionary":1,"patchouli:guide_book":2,"minecraft:poppy":3,"ars_nouveau:worn_notebook":1,"tombstone:grave_key":1,"rpgsmw:class_choose_orb":1},"minecraft:crafted":{"toughasnails:leaf_leggings":1,"iceandfire:armor_silver_metal_leggings":1,"minecraft:iron_block":3,"minecraft:anvil":1,"eidolon:silver_sword":2},"minecraft:custom":{"minecraft:interact_with_furnace":1,"minecraft:interact_with_anvil":4,"minecraft:mob_kills":2,"minecraft:animals_bred":7,"minecraft:interact_with_crafting_table":5,"minecraft:leave_game":1,"minecraft:time_since_death":2115,"minecraft:sleep_in_bed":4,"minecraft:time_since_rest":1,"minecraft:waystone_activated":1,"minecraft:sprint_one_cm":124675,"minecraft:damage_taken":1087,"minecraft:walk_one_cm":49597,"minecraft:damage_blocked_by_shield":130,"minecraft:drop":12,"minecraft:damage_dealt":2524,"minecraft:swim_one_cm":2417,"minecraft:fly_one_cm":260209,"minecraft:open_chest":31,"minecraft:crouch_one_cm":807,"minecraft:play_time":40417,"minecraft:deaths":4,"minecraft:sneak_time":971,"minecraft:walk_under_water_one_cm":606,"minecraft:jump":879,"minecraft:walk_on_water_one_cm":4094,"minecraft:total_world_time":40417,"minecraft:fall_one_cm":15209}},"DataVersion":3465}