{"stats":{"minecraft:picked_up":{"tombstone:grave_key":1},"minecraft:custom":{"minecraft:time_since_rest":5364,"minecraft:walk_on_water_one_cm":251,"minecraft:sprint_one_cm":6164,"minecraft:play_time":5364,"minecraft:time_since_death":5364,"minecraft:walk_one_cm":8708,"minecraft:sneak_time":280,"minecraft:total_world_time":5364,"minecraft:drop":6,"minecraft:fly_one_cm":56197,"minecraft:jump":23},"minecraft:dropped":{"rpgsmw:class_choose_orb":1,"alexsmobs:animal_dictionary":1,"tombstone:grave_key":1,"ars_nouveau:worn_notebook":1,"patchouli:guide_book":2}},"DataVersion":3465}