{"stats":{"minecraft:used":{"minecraft:water_bucket":4,"toughasnails:leaf_leggings":1,"minecraft:bread":4,"minecraft:iron_pickaxe":3,"minecraft:shield":7,"toughasnails:water_canteen":5,"minecraft:anvil":1,"toughasnails:empty_canteen":1,"minecraft:bucket":4,"iceandfire:silver_axe":12,"eidolon:silver_sword":15},"minecraft:picked_up":{"iceandfire:silver_axe":1,"irons_spellbooks:scroll":1,"ars_nouveau:caster_tome":1,"minecraft:stick":13,"minecraft:iron_chestplate":1,"iceandfire:armor_bronze_helmet":1,"minecraft:water_bucket":1,"minecraft:brush":1,"minecraft:torch":24,"alexscaves:cave_tablet":2,"minecraft:raw_iron_block":1,"butchersdelight:deadpig":3,"minecraft:oak_log":7,"tombstone:grave_key":1,"minecraft:shield":1,"minecraft:gunpowder":5,"ars_nouveau:amplify_arrow":26,"minecraft:string":8,"relics:magic_mirror":1,"minecraft:bundle":1,"minecraft:iron_leggings":1,"minecraft:bone":11,"toughasnails:water_canteen":1,"minecraft:apple":7,"tombstone:scroll_of_knowledge":1,"minecraft:vex_armor_trim_smithing_template":1,"minecraft:shears":1,"minecraft:rabbit_hide":5,"crittersandcompanions:silk":8,"minecraft:bread":36,"minecraft:emerald":1,"dynamictrees:oak_seed":3,"minecraft:poppy":3,"minecraft:iron_pickaxe":1,"ars_nouveau:sourceberry_bush":4,"delightful:green_tea_leaf":1,"iceandfire:armor_bronze_boots":1,"minecraft:obsidian":3,"minecraft:oak_planks":48,"minecraft:coal":2,"minecraft:diamond_hoe":1,"minecraft:cobblestone":3,"minecraft:diamond_pickaxe":1},"minecraft:broken":{"minecraft:iron_leggings":1,"toughasnails:water_canteen":1},"minecraft:mined":{"minecraft:stone":3},"minecraft:dropped":{"minecraft:poppy":3,"ars_nouveau:worn_notebook":1,"dynamictrees:oak_seed":3,"alexsmobs:animal_dictionary":1,"tombstone:grave_key":1,"rpgsmw:class_choose_orb":1,"patchouli:guide_book":2},"minecraft:crafted":{"minecraft:iron_block":3,"minecraft:anvil":1,"eidolon:silver_sword":2,"toughasnails:leaf_leggings":1},"minecraft:custom":{"minecraft:time_since_rest":2302,"minecraft:waystone_activated":1,"minecraft:interact_with_furnace":1,"minecraft:sprint_one_cm":82199,"minecraft:damage_taken":575,"minecraft:walk_one_cm":29728,"minecraft:damage_blocked_by_shield":130,"minecraft:interact_with_anvil":3,"minecraft:animals_bred":5,"minecraft:drop":12,"minecraft:damage_dealt":990,"minecraft:swim_one_cm":1281,"minecraft:interact_with_crafting_table":4,"minecraft:fly_one_cm":163015,"minecraft:open_chest":25,"minecraft:crouch_one_cm":430,"minecraft:play_time":28417,"minecraft:deaths":2,"minecraft:sneak_time":733,"minecraft:walk_under_water_one_cm":381,"minecraft:jump":446,"minecraft:sleep_in_bed":3,"minecraft:leave_game":1,"minecraft:time_since_death":18134,"minecraft:walk_on_water_one_cm":2325,"minecraft:total_world_time":28417,"minecraft:fall_one_cm":7618}},"DataVersion":3465}