{"stats":{"minecraft:killed_by":{"minecraft:vex":2},"minecraft:broken":{"minecraft:iron_leggings":1,"toughasnails:water_canteen":8,"toughasnails:purified_water_canteen":2,"minecraft:bow":1},"minecraft:dropped":{"minecraft:water_bucket":2,"minecraft:spruce_sign":7,"minecraft:bread":3,"eidolon:silver_sword":1,"minecraft:glass_bottle":8,"minecraft:cobblestone":3,"minecraft:book":2,"minecraft:apple":5,"iceandfire:ectoplasm":3,"minecraft:spruce_button":4,"minecraft:emerald":1,"ars_nouveau:worn_notebook":1,"tombstone:grave_key":1,"minecraft:snowball":4,"rpgsmw:class_choose_orb":1,"minecraft:potion":4,"minecraft:sand":1,"minecraft:chainmail_leggings":1,"minecraft:paper":12,"minecraft:pink_petals":5,"minecraft:white_wool":1,"minecraft:dandelion":1,"forbidden_arcanus:edelwood_water_bucket":1,"dynamictrees:oak_seed":3,"minecraft:iron_nugget":4,"minecraft:golden_chestplate":1,"alexsmobs:animal_dictionary":1,"tombstone:gift":1,"minecraft:oak_planks":1,"patchouli:guide_book":2,"minecraft:chiseled_stone_bricks":1,"minecraft:poppy":3,"minecraft:potato":25,"minecraft:orange_banner":5,"minecraft:chainmail_boots":1,"minecraft:stone_bricks":2,"minecraft:arrow":3,"minecraft:bow":1,"minecraft:wooden_pickaxe":2},"minecraft:custom":{"minecraft:mob_kills":39,"minecraft:interact_with_anvil":5,"minecraft:animals_bred":7,"minecraft:interact_with_crafting_table":11,"minecraft:leave_game":7,"minecraft:time_since_death":60894,"minecraft:climb_one_cm":36,"minecraft:sprint_one_cm":565867,"minecraft:walk_one_cm":226194,"minecraft:damage_blocked_by_shield":130,"minecraft:drop":79,"minecraft:play_time":158510,"minecraft:deaths":11,"minecraft:sneak_time":12006,"minecraft:walk_under_water_one_cm":13788,"minecraft:interact_with_brewingstand":3,"minecraft:jump":3567,"minecraft:walk_on_water_one_cm":27522,"minecraft:total_world_time":158510,"minecraft:interact_with_furnace":1,"tombstone:raider_killed":28,"minecraft:sleep_in_bed":9,"minecraft:time_since_rest":10144,"minecraft:waystone_activated":1,"minecraft:damage_taken":5295,"minecraft:trigger_trapped_chest":2,"minecraft:damage_dealt":13438,"minecraft:swim_one_cm":41836,"minecraft:fly_one_cm":796005,"minecraft:open_chest":131,"minecraft:crouch_one_cm":8463,"tombstone:undead_killed":5,"minecraft:fall_one_cm":95501},"minecraft:picked_up":{"irons_spellbooks:scroll":1,"ars_nouveau:caster_tome":1,"endrem:magical_eye":1,"minecraft:iron_chestplate":2,"minecraft:wooden_pickaxe":1,"alexscaves:cave_tablet":2,"minecraft:orange_banner":7,"minecraft:potion":3,"tombstone:grave_key":1,"minecraft:shield":1,"ars_nouveau:amplify_arrow":26,"minecraft:string":8,"iceandfire:frozen_splinters":1,"relics:magic_mirror":1,"minecraft:iron_axe":1,"minecraft:iron_leggings":1,"iceandfire:armor_silver_metal_leggings":1,"dynamictrees:oak_seed":5,"minecraft:iron_nugget":13,"minecraft:poppy":3,"minecraft:iron_pickaxe":1,"delightful:green_tea_leaf":1,"iceandfire:armor_bronze_boots":1,"minecraft:diamond_hoe":1,"minecraft:egg":1,"minecraft:stick":18,"minecraft:torch":24,"minecraft:spruce_stairs":1,"tombstone:grave_dust":2,"eidolon:tattered_cloth":2,"minecraft:arrow":4,"eidolon:silver_sword":2,"minecraft:vex_armor_trim_smithing_template":1,"minecraft:shears":1,"crittersandcompanions:silk":12,"minecraft:totem_of_undying":3,"ars_nouveau:sourceberry_bush":4,"minecraft:obsidian":3,"minecraft:snowball":4,"minecraft:white_wool":2,"minecraft:cobblestone":3,"iceandfire:silver_axe":1,"minecraft:pink_petals":5,"minecraft:water_bucket":3,"minecraft:leather":1,"minecraft:potato":13,"butchersdelight:deadpig":3,"minecraft:oak_log":15,"iceandfire:ectoplasm":3,"minecraft:gunpowder":5,"minecraft:dirt":19,"minecraft:paper":12,"minecraft:bone":11,"minecraft:apple":7,"minecraft:stone_bricks":2,"minecraft:bow":1,"minecraft:wheat_seeds":1,"minecraft:rabbit_hide":6,"minecraft:glass_bottle":4,"minecraft:oak_planks":60,"minecraft:book":3,"iceandfire:armor_bronze_helmet":1,"minecraft:chiseled_stone_bricks":3,"minecraft:brush":1,"minecraft:dandelion":1,"minecraft:raw_iron_block":1,"minecraft:white_bed":2,"minecraft:bundle":1,"toughasnails:water_canteen":1,"minecraft:yellow_carpet":1,"tombstone:scroll_of_knowledge":1,"minecraft:spruce_button":5,"minecraft:spruce_sign":6,"minecraft:emerald":19,"minecraft:bread":38,"minecraft:coal":5,"minecraft:diamond_pickaxe":1},"minecraft:crafted":{"minecraft:oak_planks":60,"toughasnails:leaf_leggings":1,"iceandfire:armor_silver_metal_leggings":1,"minecraft:chest":2,"minecraft:glass_bottle":3,"minecraft:crafting_table":1,"minecraft:wooden_pickaxe":1,"minecraft:bread":21,"minecraft:stick":4,"minecraft:iron_block":3,"minecraft:anvil":1,"eidolon:silver_sword":2,"toughasnails:empty_canteen":1},"minecraft:killed":{"illagerinvasion:archivist":5,"minecraft:evoker":2,"minecraft:vex":2,"minecraft:vindicator":9,"illagerinvasion:marauder":5,"illagerinvasion:basher":3,"minecraft:horse":2,"minecraft:skeleton":1,"eidolon:wraith":1,"illagerinvasion:provoker":2,"minecraft:zombie_villager":1,"illagerinvasion:alchemist":2,"iceandfire:ghost":2,"ars_nouveau:whirlisprig":1},"minecraft:used":{"minecraft:chest":2,"minecraft:shield":7,"dynamictrees:oak_seed":2,"minecraft:iron_chestplate":4,"minecraft:dirt":1,"minecraft:anvil":1,"toughasnails:empty_canteen":11,"minecraft:spruce_stairs":2,"eidolon:silver_sword":264,"minecraft:iron_axe":5,"minecraft:spruce_button":1,"iceandfire:armor_silver_metal_leggings":9,"minecraft:bow":384,"minecraft:egg":1,"minecraft:potato":2,"forbidden_arcanus:edelwood_bucket":6,"minecraft:water_bucket":57,"toughasnails:leaf_leggings":6,"minecraft:glass_bottle":23,"minecraft:oak_planks":44,"minecraft:wooden_pickaxe":2,"toughasnails:water_canteen":81,"minecraft:white_wool":1,"forbidden_arcanus:edelwood_water_bucket":5,"minecraft:crafting_table":1,"minecraft:white_bed":1,"iceandfire:silver_axe":19,"minecraft:bread":66,"minecraft:iron_pickaxe":14,"toughasnails:leaf_chestplate":1,"minecraft:chiseled_stone_bricks":2,"minecraft:potion":27,"minecraft:orange_banner":2,"minecraft:chainmail_boots":1,"toughasnails:purified_water_canteen":14,"minecraft:bucket":58,"minecraft:air":4,"minecraft:diamond_leggings":5,"minecraft:experience_bottle":3},"minecraft:mined":{"minecraft:white_bed":2,"minecraft:grass_block":5,"minecraft:yellow_carpet":1,"iceandfire:frozen_splinters":1,"minecraft:chiseled_stone_bricks":3,"minecraft:fire":7,"minecraft:vine":1,"crittersandcompanions:silk_cocoon":1,"minecraft:green_carpet":1,"minecraft:stone":3,"iceandfire:dragon_ice_spikes":7,"minecraft:tall_grass":5,"minecraft:oak_planks":11,"minecraft:grass":1,"minecraft:dirt":3,"minecraft:stone_bricks":2}},"DataVersion":3465}