{"stats":{"minecraft:killed":{"minecraft:vindicator":3,"minecraft:horse":2,"iceandfire:ghost":2,"illagerinvasion:provoker":2},"minecraft:used":{"minecraft:water_bucket":23,"toughasnails:leaf_leggings":6,"minecraft:oak_planks":11,"minecraft:shield":7,"toughasnails:water_canteen":30,"minecraft:iron_chestplate":3,"minecraft:anvil":1,"toughasnails:empty_canteen":4,"iceandfire:silver_axe":19,"eidolon:silver_sword":172,"minecraft:bread":22,"minecraft:iron_pickaxe":4,"iceandfire:armor_silver_metal_leggings":5,"toughasnails:leaf_chestplate":1,"toughasnails:purified_water_canteen":9,"minecraft:bucket":23,"minecraft:egg":1},"minecraft:picked_up":{"irons_spellbooks:scroll":1,"iceandfire:silver_axe":1,"ars_nouveau:caster_tome":1,"minecraft:iron_chestplate":1,"minecraft:water_bucket":1,"minecraft:leather":1,"alexscaves:cave_tablet":2,"butchersdelight:deadpig":3,"minecraft:oak_log":7,"tombstone:grave_key":1,"minecraft:shield":1,"minecraft:gunpowder":5,"ars_nouveau:amplify_arrow":26,"minecraft:string":8,"relics:magic_mirror":1,"minecraft:iron_axe":1,"minecraft:iron_leggings":1,"minecraft:bone":11,"minecraft:stone_bricks":1,"minecraft:apple":7,"minecraft:rabbit_hide":6,"minecraft:poppy":3,"dynamictrees:oak_seed":3,"minecraft:iron_pickaxe":1,"delightful:green_tea_leaf":1,"iceandfire:armor_bronze_boots":1,"minecraft:oak_planks":55,"minecraft:diamond_hoe":1,"minecraft:egg":1,"minecraft:stick":13,"iceandfire:armor_bronze_helmet":1,"minecraft:brush":1,"minecraft:torch":24,"minecraft:raw_iron_block":1,"minecraft:bundle":1,"minecraft:arrow":2,"toughasnails:water_canteen":1,"minecraft:vex_armor_trim_smithing_template":1,"tombstone:scroll_of_knowledge":1,"minecraft:shears":1,"crittersandcompanions:silk":12,"minecraft:emerald":4,"minecraft:bread":36,"ars_nouveau:sourceberry_bush":4,"minecraft:obsidian":3,"minecraft:coal":5,"minecraft:cobblestone":3,"minecraft:diamond_pickaxe":1},"minecraft:broken":{"toughasnails:purified_water_canteen":1,"minecraft:iron_leggings":1,"toughasnails:water_canteen":3},"minecraft:mined":{"minecraft:grass_block":2,"minecraft:tall_grass":1,"minecraft:oak_planks":7,"minecraft:vine":1,"crittersandcompanions:silk_cocoon":1,"minecraft:dirt":3,"minecraft:stone_bricks":1,"minecraft:stone":3},"minecraft:dropped":{"dynamictrees:oak_seed":3,"alexsmobs:animal_dictionary":1,"minecraft:cobblestone":3,"patchouli:guide_book":2,"minecraft:poppy":3,"ars_nouveau:worn_notebook":1,"tombstone:grave_key":1,"rpgsmw:class_choose_orb":1,"minecraft:stone_bricks":1,"minecraft:sand":1},"minecraft:crafted":{"toughasnails:leaf_leggings":1,"iceandfire:armor_silver_metal_leggings":1,"minecraft:iron_block":3,"minecraft:anvil":1,"eidolon:silver_sword":2},"minecraft:custom":{"minecraft:interact_with_furnace":1,"minecraft:interact_with_anvil":4,"minecraft:mob_kills":9,"minecraft:animals_bred":7,"tombstone:raider_killed":5,"minecraft:interact_with_crafting_table":5,"minecraft:leave_game":1,"minecraft:time_since_death":1781,"minecraft:sleep_in_bed":5,"minecraft:climb_one_cm":36,"minecraft:time_since_rest":1,"minecraft:waystone_activated":1,"minecraft:sprint_one_cm":222600,"minecraft:damage_taken":2372,"minecraft:walk_one_cm":97042,"minecraft:damage_blocked_by_shield":130,"minecraft:trigger_trapped_chest":2,"minecraft:drop":17,"minecraft:damage_dealt":7958,"minecraft:swim_one_cm":5360,"minecraft:fly_one_cm":393773,"minecraft:open_chest":40,"minecraft:crouch_one_cm":1165,"minecraft:play_time":64417,"tombstone:undead_killed":2,"minecraft:deaths":6,"minecraft:sneak_time":1374,"minecraft:walk_under_water_one_cm":1896,"minecraft:jump":1542,"minecraft:walk_on_water_one_cm":7664,"minecraft:total_world_time":64417,"minecraft:fall_one_cm":39778}},"DataVersion":3465}